1.1851604068970742e-06,3.826441242370097e-06,9.895226994028714e-06,1.6076572488663175e-05,2.235779699437208e-05,2.8681090653173057e-05,3.5005566186600006e-05,4.130843310093343e-05,4.757842517878877e-05,5.381046092672082e-05,6.0002446871538416e-05,6.61536103912821e-05,7.22637106342751e-05,7.833269672250694e-05,8.436057356101257e-05,9.034735569571906e-05,9.629305479865591e-05,0.00010219767821180048,0.00010806123019113446,0.00011388371324454485,0.00011966512901476881,0.00012540547875972526,0.00013110476358307914,0.0001367629845337051,0.0001423801426439532,0.00014795623894222005,0.00015349127445595,0.00015898525021164442,0.00016443816723424147,0.00016985002654655617,0.00017522082916889632,0.0001805505761188134,0.00018583926841093533,0.00019108690705683864,0.0001962934930649406,0.00020145902744039785,0.00020658351118500842,0.00021166694529711628,0.00021670933077151474,0.00022171066859934968,0.00022667095976802452,0.00023159020526110485,0.00023646840605822517,0.00024130556313499256,0.00024610167746289186,0.0002508567500091935,0.00025557078173685856,0.00026024377360444896,0.0002648757265660327,0.00026946664157109085,0.0002740165195644263,0.00027852536148607323,0.0002829931682712091,0.00028741994085006053,0.0002918056801478137,0.00029615038708452526,0.00030045406257503534,0.00030471670752887936,0.0003089383228501993,0.00031311890943765304,0.0003172584681843326,0.00032135699997767593,0.0003254145056993818,0.00032943098622532745,0.00033340644242547664,0.0003373408751638009,0.0003412342852981951,0.0003450866736803965,0.0003488980411559034,0.00035266838856388543,0.0003563977167371119,0.0003600860265018632,0.00036373331867786023,0.00036733959407818096,0.0003709048535091782,0.0003744290977704078,0.0003779123276545439,0.00038135454394731176,0.000384755747427409,0.00038811593886642565,0.00039143511902877553,0.0003947132886716147,0.00039795044854477977,0.0004011465993907083,0.00040430174194436573,0.00040741587693317755,0.0004104890050769566,0.0004135211270878395,0.00041651224367021363,0.00041946235552064743,0.0004223714633278251,0.0004252395677724794,0.00042806666952733034,0.0004308527692570153,0.000433597867618023,0.0004363019652586379,0.0004389650628188683,0.0004415871609303922,0.00044416826021649646,0.00044670836129200855,0.0004492074647632423,0.0004516655712279392,0.00045408268127521855,0.0004564587954855045,0.00045879391443048043,0.00046108803867303365,0.000463341168767197,0.00046555330525809913,0.0004677244486819115,0.0004698545995657931,0.0004719437584278434,0.00047399192577705094,0.0004759991021132411,0.00047796528792703194,0.0004798904836997898,0.00048177468990357716,0.00048361790700110464,0.00048542013544569434,0.0004871813756812337,0.0004889016281421263,0.0004905808932532632,0.000492219171429963,0.0004938164630779511,0.0004953727685933114,0.000496888088362441,0.0004983624227620277,0.0004997957721590016,0.0005011881369105075,0.0005025395173638712,0.0005038499138565577,0.0005051193267161365,0.0005063477562602598,0.0005075352027966401,0.0005086816666230092,0.0005097871480270859,0.0005108516472865665,0.0005118751646691036,0.0005128577004323077,0.0005137992548237527,0.0005146998280809153,0.0005155594204310147,0.0005163780320903853,0.0005171556632626564,0.000517892314134133,0.0005185879848632262,0.0005192426755587164,0.0005198563862403536,0.0005204291167809354,0.0005209608668581933,0.000521451636042734,0.0005219014244181284,0.0005223102347875544,0.0005226780789752095,0.0005230049936258704,0.0005232910759428997,0.0005235365566183393,0.000523741930092665,0.0005239081358929993,0.0005240366390068022,0.0005241287125670189,0.0005241818357941612,0.0005242021552395466
0.0,3.3036335909727463e-06,9.110344649060506e-06,1.4984148712274843e-05,2.0911403000130988e-05,2.685631235483625e-05,3.279224186485894e-05,3.870363173588102e-05,4.458252340060617e-05,5.0425236860728926e-05,5.62302258129865e-05,6.199690878714192e-05,6.772510000056923e-05,7.341475774632846e-05,7.906588387362386e-05,8.467848853437177e-05,9.025258027640236e-05,9.578816465115863e-05,0.00010128524499838955,0.00010674382338389677,0.00011216390123557181,0.00011754547969449032,0.0001228885597852583,0.00012819314249023285,0.00013345922877840423,0.00013868681961504565,0.00014387591596410867,0.00014902651878830097,0.0001541386290486462,0.00015921224770406453,0.0001642473757110735,0.00016924401402358506,0.00017420216359276256,0.00017912182536690633,0.00018400300029135453,0.00018884568930838884,0.0001936498933571426,0.0001984156133735112,0.00020314285029006128,0.0002078316050359407,0.0002124818785367889,0.00021709367171464754,0.00022166698548787276,0.00022620182077104535,0.0002306981784748818,0.00023515605950614798,0.00023957546476756995,0.00024395639515774952,0.00024829885157107547,0.00025260283489763697,0.00025686834602313787,0.00026109538582881164,0.0002652839551913379,0.00026943405498275574,0.0002735456860703789,0.000277618849316713,0.00028165354557937327,0.00028564977571100147,0.0002896075405591835,0.0002935268409663646,0.0002974076777697722,0.00030125005180133317,0.0003050539638875944,0.0003088194148496446,0.0003125464055030296,0.00031623493665767843,0.00031988500911782293,0.00032349662368192224,0.000327069781142586,0.00033060448228649294,0.00033410072789432103,0.00033755851874066545,0.00034097785559397166,0.00034435873921645726,0.00034770117036403664,0.00035100514978625154,0.00035427067822619353,0.0003574977564204386,0.0003606863850989748,0.00036383656498512827,0.00036694829679549657,0.0003700215812398754,0.00037305641902119657,0.00037605281083545616,0.0003790107573716465,0.00038193025931169153,0.0003848113173303788,0.00038765393209529874,0.00039045810426677717,0.00039322383449781113,0.00039595112343400636,0.0003986399717135154,0.00040129037996697694,0.00040390234881745407,0.0004064758788803711,0.0004090109707634608,0.00041150762506669803,0.000413965842382248,0.0004163856232944094,0.0004187669683795508,0.0004211098782060611,0.00042341435333429135,0.0004256803943165087,0.00042790800169683203,0.0004300971760111847,0.0004322479177872439,0.00043436022754438655,0.0004364341057936428,0.0004384695530376453,0.0004404665697705778,0.0004424251564781324,0.0004443453136374589,0.00044622704171711744,0.0004480703411770372,0.00044987521246847405,0.00045164165603396144,0.0004533696723072672,0.0004550592617133573,0.00045671042466835266,0.0004583231615794847,0.0004598974728450666,0.00046143335885443805,0.0004629308199879443,0.00046438985661689287,0.00046581046910351297,0.0004671926578009288,0.00046853642305311893,0.0004698417651948884,0.0004711086845518352,0.000472337181440316,0.00047352725616741113,0.0004746789090309037,0.00047579214031925676,0.00047686695031157655,0.00047790333927758325,0.00047890130747760046,0.00047986085516252914,0.0004807819825738472,0.0004816646899436064,0.0004825089774943765,0.00048331484543911584,0.00048408229398068435,0.0004848113233104683,0.0004855019336049318,0.00048615412501781,0.00048676789766423747,0.00048734325159240365,0.0004878801867430954,0.0004883787029201947,0.0004888387998695316,0.0004892604777650553,0.0004896437388863462,0.0004899885923262845,0.0004902950656263534,0.0004905632307123951,0.0004907932559518233,0.0004909854974578816,0.000491140625031097,0.0004912596934495667,0.0004913438104744795,0.0004913927722561646,0.0004914172531470071
0.0,2.2580182881780443e-06,7.5405799591240904e-06,1.2799301159498183e-05,1.80186150116488e-05,2.3206755758162626e-05,2.8365593221376796e-05,3.34940290057762e-05,3.859071984424099e-05,4.365478872874513e-05,4.8685783695882677e-05,5.3683505578861526e-05,5.864787873315752e-05,6.357887979397153e-05,6.847650449884644e-05,7.334075421167719e-05,7.817163123189524e-05,8.296913752987495e-05,8.773327461289977e-05,9.246404366260058e-05,9.71614456771778e-05,0.00010182548156402043,0.0001064561521896166,0.00011105345840328837,0.00011561740104730625,0.00012014798096069687,0.000124645198980426,0.00012910905594161403,0.00013353955267745562,0.00013793669001908125,0.00014230046879542776,0.00014663088983312838,0.00015092795395641706,0.00015519166198704176,0.00015942201474418243,0.00016361901304437083,0.00016778265770141105,0.00017191294952630104,0.00017600988932715437,0.00018007347790912275,0.00018410371607431765,0.0001881006046217329,0.00019206414434716796,0.0001959943360431509,0.00019989118049886168,0.0002037546785000569,0.00020758483082899273,0.00021138163826435065,0.00021514510158116105,0.00021887522155072928,0.00022257199894056115,0.0002262354345142885,0.0002298655290315956,0.0002334622832481461,0.0002370256979155092,0.0002405557737810886,0.00024405251158804902,0.00024751591207524564,0.00025094597597715194,0.00025434270402378763,0.0002577060969406514,0.00026103615544864763,0.00026433288026401976,0.00026759627209827896,0.0002708263316581356,0.0002740230596454335,0.00027718645675707857,0.00028031652368497366,0.000283413261115951,0.00028647666973170805,0.00028950675020873924,0.00029250350321826995,0.00029546692942619446,0.00029839702949300986,0.0003012938040737536,0.0003041572538179391,0.0003069873793694927,0.0003097841813666923,0.00031254766044210643,0.0003152778172225335,0.0003179746523289387,0.0003206381663763968,0.0003232683599740303,0.00032586523372495204,0.0003284287882262081,0.0003309590240687196,0.0003334559418372232,0.00033591954211021724,0.00033834982545990415,0.0003407467924521384,0.00034311044364636887,0.0003454407795955874,0.0003477378008462701,0.00035000150793833154,0.0003522319014050673,0.00035442898177310666,0.0003565927495623575,0.0003587232052859597,0.0003608203494502353,0.0003628841825546355,0.0003649147050916988,0.00036691191754699567,0.0003688758203990891,0.00037080641411948724,0.0003727036991725932,0.0003745676760156644,0.0003763983450987657,0.00037819570686473017,0.0003799597617491128,0.0003816905101801474,0.00038338795257871063,0.00038505208935827483,0.0003866829209248701,0.00038828044767704774,0.0003898446700058426,0.0003913755882947299,0.0003928732029195923,0.0003943375142486831,0.0003957685226425905,0.00039716622845420164,0.00039853063202867334,0.0003998617337033879,0.0004011595338079307,0.000402424032664056,0.00040365523058565685,0.0004048531278787312,0.00040601772484135366,0.0004071490217636503,0.00040824701892776326,0.0004093117166078324,0.0004103431150699603,0.00041134121457219163,0.00041230601536449015,0.00041323751768871113,0.0004141357217785781,0.0004150006278596683,0.00041583223614938004,0.0004166305468569263,0.0004173955601833138,0.0004181272763212989,0.0004188256954553183,0.0004194908177612824,0.000420122643406092,0.0004207211725465293,0.0004212864053269777,0.00042181834187527946,0.0004223169822965037,0.00042278232666741536,0.00042321437504419773,0.0004236131275231268,0.00042397858445890894,0.00042431074708392956,0.00042460961902843447,0.00042487520962731953,0.00042510754025138587,0.00042530665461879127,0.000425472632188315,0.00042560560330729243,0.0004257058023350956,0.0004257740062894008,0.00042581464518017144,0.0004258349646255567
0.0,1.7578294826592067e-06,6.154557140097462e-06,1.0671027194246826e-05,1.5147805371255436e-05,1.957300211144732e-05,2.395548590510476e-05,2.830253264197472e-05,3.261812015301658e-05,3.6904141615815284e-05,4.116142493660714e-05,4.5390304869993634e-05,4.959090437255822e-05,5.376326248078635e-05,5.790738839671523e-05,6.202328249077433e-05,6.611094352197222e-05,7.017037062513184e-05,7.42015635694876e-05,7.820452258507528e-05,8.217924816497848e-05,8.612574093265588e-05,9.004400156903809e-05,9.393403077722196e-05,9.77958292670767e-05,0.00010162939774921617,0.00010543473693293418,0.00010921184752563048,0.00011296073023271143,0.00011668138575759568,0.00012037381480171428,0.00012403801806448592,0.00012767399624327223,0.00013128175003332092,0.00013486128012770349,0.00013841258721725022,0.0001419356719904835,0.0001454305351335517,0.0001488971773301628,0.0001523355992615194,0.0001557458016062516,0.0001591277850403521,0.00016248155023711075,0.0001658070978670492,0.00016910442859785735,0.00017237354309432827,0.0001756144420182939,0.00017882712602856088,0.00018201159578084714,0.0001851678519277193,0.00018829589511852975,0.00019139572599935302,0.00019446734521292314,0.00019751075339857258,0.0002005259511921707,0.00020351293922606144,0.0002064717181290036,0.00020940228852610874,0.00021230465103878112,0.00021517880628465756,0.00021802475487755018,0.00022084249742738404,0.00022363203454013936,0.00022639336681779302,0.00022912649485826164,0.0002318314192553432,0.00023450814059865885,0.00023715665947359612,0.00023977697646125203,0.00024236909213837975,0.0002449330070773309,0.0002474687218460003,0.0002499762370077696,0.00025245555312145533,0.0002549066707412552,0.000257329590416693,0.0002597243126925664,0.0002620908381088937,0.000264429167200861,0.00026673930049877473,0.00026902123852800587,0.0002712749818089417,0.0002735005308569333,0.0002756978861822462,0.0002778670482900129,0.0002800080176801866,0.00028212079484748825,0.000284205380281357,0.0002862617744659069,0.0002882899778798818,0.000290289990996608,0.00029226181428394516,0.0002942054482042429,0.000296120893214298,0.0002980081497653084,0.00029986721830283,0.00030169809926673484,0.00030350079309116653,0.0003052753002045005,0.0003070216210293016,0.0003087397559822836,0.00031042970547426644,0.00031209146991013854,0.00031372504968882266,0.0003153304452032287,0.00031690765684022333,0.0003184566849805856,0.0003199775299989746,0.0003214701922638953,0.0003229346721376564,0.0003243709699763429,0.00032577908612977443,0.0003271590209414746,0.0003285107747486419,0.00032983434788211037,0.0003311297406663223,0.00033239695341929457,0.00033363598645258936,0.0003348468400712873,0.0003360295145739456,0.00033718401025258863,0.0003383103273926614,0.000339408466273008,0.0003404784271658507,0.0003415202103367604,0.0003425338160446289,0.0003435192445416455,0.00034447649607327016,0.0003454055708782096,0.0003463064691884027,0.00034717919122898705,0.00034802373721828396,0.000348840107367775,0.00034962830188207744,0.0003503883209589317,0.0003511201647891773,0.00035182383355672464,0.00035249932743854263,0.00035314664660464096,0.0003537657912180788,0.0003543567614350442,0.00035491955740511494,0.0003554541792719577,0.00035596062717492023,0.0003564389012523091,0.00035688900164727996,0.0003573109285163389,0.0003577046820358093,0.00035807026238630603,0.00035840766965321996,0.0003587169034782527,0.0003589979620674046,0.00035925083969459763,0.00035947552100524675,0.0003596719692612327,0.0003598401052988496,0.00035997978019872026,0.00036009078112580675,0.00036017306139841216,0.00036022791227954435,0.00036026214584022626,0.00036027926262056724
0.0,1.3961208259150013e-06,4.913367957489075e-06,8.619132650873596e-06,1.2315816299150618e-05,1.5962953853248147e-05,1.9563952757726814e-05,2.312817711925619e-05,2.6662409663988723e-05,3.0170433347666457e-05,3.365409000730608e-05,3.711418803066224e-05,4.055104720989641e-05,4.396477839911098e-05,4.735541230634164e-05,5.0722953180167974e-05,5.406739875248127e-05,5.738874648013897e-05,6.068699487470764e-05,6.396214339134549e-05,6.721419207223862e-05,7.044314126775783e-05,7.364899147172405e-05,7.68317432375727e-05,7.999139714019557e-05,8.312795376031487e-05,8.62414136788292e-05,8.933177747511508e-05,9.239904572669257e-05,9.544321900926031e-05,9.846429789677077e-05,0.00010146228296146667,0.00010443717477387947,0.00010738897390279837,0.00011031768091522809,0.00011322329637633813,0.00011610582084940978,0.00011896525489578236,0.0001218015990747982,0.0001246148539437505,0.00012740502005782812,0.000130172097970062,0.00013291608823127156,0.00013563699139001174,0.00013833480799252152,0.00014100953858266915,0.00014366118370190046,0.00014628974388918687,0.00014889521968097205,0.00015147761161112214,0.00015403692021087373,0.00015657314600878166,0.0001590862895306679,0.00016157635129957163,0.00016404333183569835,0.0001664872316563706,0.0001689080512759772,0.00017130579120592281,0.00017368045195457902,0.00017603203402723636,0.00017836053792605544,0.0001806659641500174,0.00018294831319487585,0.00018520758555310915,0.00018744378171387435,0.00018965690216295834,0.0001918469473827317,0.00019401391785210046,0.00019615781404646175,0.00019827863643765806,0.00020037638549393196,0.00020245106167987893,0.00020450266545640327,0.00020653119728067298,0.00020853665760607807,0.0002105190468821855,0.0002124783655546959,0.00021441461406539842,0.00021632779285213092,0.00021821790234873654,0.000220084942985024,0.00022192891518672293,0.00022374981937544174,0.00022554765596863,0.000227322425379539,0.0002290741280171801,0.0002308027642862857,0.00023250833458726732,0.00023419083931617868,0.00023585027886468234,0.00023748665362000688,0.0002390999639649094,0.00024069021027763846,0.00024225739293190043,0.0002438015122968212,0.0002453225687369116,0.00024682056261203137,0.00024829549427735493,0.00024974736408333675,0.0002511761723756768,0.00025258191949529125,0.00025396460577827213,0.00025532423155585866,0.00025666079715441065,0.00025797430289536787,0.00025926474909522844,0.00026053213606550755,0.00026177646411271416,0.00026299773353832335,0.00026419594463874055,0.0002653710977052785,0.0002665231930241256,0.0002676522308763217,0.00026875821153772757,0.0002698411352789987,0.00027090100236556254,0.00027193781305758944,0.0002729515676099694,0.0002739422662722867,0.00027490990928879784,0.00027585449689840363,0.00027677602933462735,0.0002776745068255939,0.00027854992959400703,0.0002794022978571315,0.0002802316118267679,0.0002810378717092318,0.0002818210777053338,0.0002825812300103626,0.00028331832881406567,0.00028403237430062867,0.00028472336664866387,0.0002853913060311809,0.0002860361926155766,0.0002866580265636147,0.00028725680803141213,0.0002878325371694091,0.00028838521412235515,0.00028891483902931096,0.0002894214120237144,0.00028990493323363084,0.00029036540278245827,0.0002908028207906845,0.00029121718737966926,0.00029160850267903794,0.0002919767668389577,0.00029232198004511246,0.0002926441425204394,0.000292943254456729,0.00029321931571364305,0.00029347232487903163,0.00029370227677759424,0.00029390915658266856,0.0002940929272790193,0.00029425350600222993,0.00029439072701276423,0.00029450430600876077,0.000294593884735546,0.00029465942517827373,0.000294702665654904,0.0002947309846081014,0.00029474514408470013
0.0,1.0732719639302855e-06,3.75991730641434e-06,6.635987960438362e-06,9.526688594572392e-06,1.23797968869616e-05,1.5191529418239571e-05,1.796960961922595e-05,2.0721220260383134e-05,2.3450826226997386e-05,2.6160748786516156e-05,2.8852056012399808e-05,3.152518818297799e-05,3.4180305251242816e-05,3.681745517691792e-05,3.9436646944579376e-05,4.2037878815271684e-05,4.4621147710199376e-05,4.718645153932631e-05,4.973378931062991e-05,5.2263160762155376e-05,5.477456603020387e-05,5.726800544226342e-05,5.9743479407974616e-05,6.220098836810395e-05,6.464053277305246e-05,6.706211307480485e-05,6.946572972437377e-05,7.185138317122056e-05,7.421907386325735e-05,7.65688022469475e-05,7.890056876737506e-05,8.12143738682683e-05,8.35102179919902e-05,8.57881015795117e-05,8.804802507037481e-05,9.028998890265302e-05,9.251399351290923e-05,9.472003933615357e-05,9.690812680580217e-05,9.907825635363483e-05,0.00010123042840975342,0.00010336464340253933,0.00010548090175861322,0.00010757920390279449,0.00010965955025805859,0.00011172194124549726,0.00011376637728427764,0.00011579285879160102,0.00011780138618266448,0.00011979195987061963,0.00012176458026653275,0.0001237192477793444,0.00012565596281583052,0.00012757472578056508,0.000129475537075878,0.00013135839710181783,0.00013322330625611335,0.0001350702649341331,0.00013689927352885075,0.00013871033243080484,0.00014050344202806136,0.0001422786027061769,0.00014403581484815993,0.00014577507883443662,0.00014749639504281142,0.00014919976384843162,0.00015088518562375168,0.0001525526607384944,0.0001542021895596217,0.0001558337724512922,0.00015744740977483045,0.00015904310188869002,0.00016062084914841767,0.00016218065190662267,0.00016372251051294053,0.00016524642531400035,0.00016675239665338946,0.00016824042487162123,0.00016971051030610423,0.00017116265329110726,0.00017259685415772723,0.0001740131132338562,0.000175411430844151,0.00017679180731000626,0.0001781542429495153,0.0001794987380774467,0.00018082529300520654,0.00018213390804081242,0.00018342458348886696,0.00018469731965052512,0.0001859521168234625,0.0001871889753018511,0.00018840789537632685,0.00018960887733396613,0.00019079192145825572,0.00019195702802906348,0.00019310419732261635,0.00019423342961146748,0.0001953447251644738,0.00019643808424677205,0.0001975135071197461,0.00019857099404100678,0.00019961054526436932,0.00020063216103982428,0.00020163584161351494,0.00020262158722771437,0.00020358939812079897,0.00020453927452723,0.0002054712166775293,0.00020638522479825443,0.00020728129911197767,0.00020815943983727207,0.00020901964718867587,0.00020986192137668305,0.00021068626260772227,0.00021149267108413225,0.00021228114700414506,0.0002130516905618649,0.00021380430194725588,0.00021453898134611568,0.00021525572894005992,0.0002159545449065053,0.0002166354294186489,0.00021729838264546432,0.0002179434047516716,0.00021857049589772345,0.00021917965623979884,0.0002197708859297757,0.00022034418511522087,0.0002208995539393809,0.00022143699254116624,0.00022195650105512723,0.00022245807961144743,0.00022294172833593282,0.0002234074473499856,0.00022385523677059517,0.00022428509671031812,0.00022469702727729682,0.00022509102857537277,0.00022546710070444972,0.00022582524376147476,0.0002261654578427749,0.000226487743048983,0.00022679209949429474,0.0002270785273209699,0.0002273470267143618,0.00022759759789363996,0.00022783024099618963,0.0002280449556314694,0.0002282417395630967,0.00022842058534632698,0.00022858147266221975,0.00022872435266801082,0.00022884912014758466,0.00022895557418243674,0.0002290433914589364,0.00022911220789252748,0.00022916207341204222,0.0002291948336510108,0.00022921719895170107,0.00022922838160204618
0.0,7.627260733422019e-07,2.6575968499928015e-06,4.705069100309597e-06,6.775695190274749e-06,8.822019212111898e-06,1.0836693463075699e-05,1.2824682208095275e-05,1.4791914137746364e-05,1.6742408764746488e-05,1.8678361000798658e-05,2.0600815460125484e-05,2.2510214968384734e-05,2.4406725288120828e-05,2.6290398462437227e-05,2.8161245663036822e-05,3.0019266131538097e-05,3.1864457137060504e-05,3.369681664351804e-05,3.551634358978138e-05,3.732303759897563e-05,3.911689867816484e-05,4.08979270226442e-05,4.266612291028826e-05,4.442148665114169e-05,4.6164018565785764e-05,4.789371897705074e-05,4.961058820729252e-05,5.1314626577723744e-05,5.300583440837669e-05,5.468421201819402e-05,5.634975972510176e-05,5.800247784604147e-05,5.9642366696972174e-05,6.12694265928561e-05,6.288365784763365e-05,6.448506077419614e-05,6.607363568435586e-05,6.764938288881588e-05,6.921230269714103e-05,7.076239541772764e-05,7.229966135777323e-05,7.382410082324644e-05,7.533571411885844e-05,7.683450154803397e-05,7.832046341288062e-05,7.979360001416077e-05,8.125391165126171e-05,8.270139862216691e-05,8.413606122342863e-05,8.555789975013752e-05,8.696691449589528e-05,8.83631057527855e-05,8.9746473811345e-05,9.111701896053878e-05,9.247474148772788e-05,9.381964167864497e-05,9.515171981736524e-05,9.647097618627861e-05,9.777741106606375e-05,9.907102473566015e-05,0.00010035181747224193,0.00010161978955119075,0.0001028749412460676,0.00010411727282858961,0.00010534678456860175,0.00010656347673405046,0.0001077673495909587,0.00010895840340339888,0.00011013663843347131,0.00011130205494127413,0.00011245465318488147,0.00011359443342031606,0.00011472139590152608,0.00011583554088035918,0.00011693686860654049,0.00011802537932764836,0.00011910107328908807,0.00012016395073406874,0.00012121401190358255,0.00012225125703637876,0.00012327568636894177,0.00012428730013546666,0.00012528609856783646,0.00012627208189560586,0.00012724525034597193,0.00012820560414375498,0.0001291531435113757,0.00013008786866883245,0.0001310097798336874,0.00013191887722103728,0.00013281516104349676,0.00013369863151117527,0.00013456928883165674,0.00013542713320998563,0.00013627216484863856,0.00013710438394751162,0.00013792379070389808,0.00013873038531246596,0.00013952416796524583,0.0001403051388516087,0.00014107329815824733,0.00014182864606915896,0.00014257118276562872,0.00014330090842621114,0.00014401782322671276,0.00014472192734017635,0.00014541322093685957,0.0001460917041842248,0.00014675737724692182,0.0001474102402867674,0.00014805029346273292,0.00014867753693093225,0.00014929197084459871,0.00014989359535407613,0.0001504824106068022,0.0001510584167473006,0.00015162161391715526,0.00015217200225500378,0.00015270958189652736,0.00015323435297442964,0.0001537463156184299,0.000154245469955247,0.0001547318161085868,0.0001552053541991358,0.00015566608434454098,0.00015611400665941144,0.00015654912125529389,0.00015697142824066686,0.00015738092772092896,0.00015777761979839227,0.00015816150457227408,0.00015853258213867344,0.00015889085259057382,0.00015923631601782748,0.0001595689725071401,0.00015988882214206163,0.00016019586500297823,0.00016049010116713012,0.00016077153070874348,0.0001610401536994004,0.0001612959702090337,0.00016153898030822893,0.0001617691840729931,0.00016198658159347981,0.0001621911729870289,0.00016238295840968346,0.00016256193803928547,0.00016272811194522832,0.00016288147961885895,0.00016302203863160575,0.00016314978129557093,0.00016326468723665247,0.00016336670868554977,0.0001634557454433621,0.00016353161242423257,0.00016359402564332327,0.0001636426936414358,0.00016367772379950138,0.00016370071405477442,0.0001637169178487188,0.00016372501974569096
0.0,4.5656412998220506e-07,1.5845181902435268e-06,2.8095502645433616e-06,4.053582143881854e-06,5.284543424134997e-06,6.495947611579699e-06,7.690328441873006e-06,8.871478831391589e-06,1.0042136728512005e-05,1.1203848651816138e-05,1.2357367415990763e-05,1.3503017951748965e-05,1.464092414361646e-05,1.5771125931347915e-05,1.6893632496811503e-05,1.80084437460297e-05,1.9115557854732578e-05,2.021497337371124e-05,2.130668951135776e-05,2.239070595597232e-05,2.3467022670282356e-05,2.453563975338128e-05,2.5596557364949208e-05,2.6649775688644835e-05,2.7695294916209968e-05,2.873311524129641e-05,2.9763236857395828e-05,3.07856599573084e-05,3.180038473309664e-05,3.2807411376145306e-05,3.3806740077215326e-05,3.479837102646931e-05,3.5782304413477374e-05,3.675854042721025e-05,3.7727079256024825e-05,3.868792108764869e-05,3.9641066109161726e-05,4.058651450697845e-05,4.1524266466830674e-05,4.2454322173748844e-05,4.337668181204423e-05,4.429134556529095e-05,4.519831361630843e-05,4.609758614714457e-05,4.69891633390566e-05,4.787304537249524e-05,4.874923242708558e-05,4.961772468161068e-05,5.047852231399493e-05,5.1331625501285994e-05,5.2177034419638044e-05,5.301474924429434e-05,5.3844770149570184e-05,5.4667097308837634e-05,5.5481730894506775e-05,5.6288671078010416e-05,5.708791802978711e-05,5.7879471919264476e-05,5.8663332914842995e-05,5.943950118387917e-05,6.020797689267173e-05,6.096876020644291e-05,6.172185128932267e-05,6.246725030433541e-05,6.320495741338128e-05,6.393497277722294e-05,6.46572965554663e-05,6.53719289065496e-05,6.607886998772688e-05,6.677811995505078e-05,6.746967896336006e-05,6.815354716626202e-05,6.882972471611954e-05,6.949821176403532e-05,7.015900845983795e-05,7.081211495206998e-05,7.145753138796865e-05,7.209525791345284e-05,7.27252946731129e-05,7.334764181019235e-05,7.396229946657696e-05,7.45692677827779e-05,7.516854689792012e-05,7.576013694972975e-05,7.634403807451991e-05,7.692025040717856e-05,7.748877408115298e-05,7.804960922843566e-05,7.860275597955876e-05,7.914821446357653e-05,7.968598480805286e-05,8.021606713904711e-05,8.073846158110584e-05,8.125316825724977e-05,8.1760187288961e-05,8.225951879617358e-05,8.27511628972571e-05,8.323511970900887e-05,8.37113893466424e-05,8.417997192377564e-05,8.464086755242128e-05,8.509407634297175e-05,8.553959840419286e-05,8.597743384321421e-05,8.640758276551721e-05,8.68300452749231e-05,8.724482147358086e-05,8.765191146196461e-05,8.805131533885952e-05,8.844303320135323e-05,8.882706514482578e-05,8.920341126293872e-05,8.957207164763095e-05,8.993304638910489e-05,9.028633557581778e-05,9.063193929448306e-05,9.096985763004676e-05,9.130009066568656e-05,9.162263848281054e-05,9.193750116103651e-05,9.224467877819493e-05,9.254417141031125e-05,9.283597913160765e-05,9.312010201449284e-05,9.33965401295524e-05,9.366529354554903e-05,9.392636232940901e-05,9.417974654621502e-05,9.442544625920562e-05,9.466346152976579e-05,9.489379241742228e-05,9.511643897982963e-05,9.533140127278036e-05,9.553867935018007e-05,9.573827326404595e-05,9.593018306450431e-05,9.611440879978108e-05,9.629095051622446e-05,9.645980825839529e-05,9.66209820693535e-05,9.677447199138664e-05,9.692027806767723e-05,9.705840034572542e-05,9.718883888348375e-05,9.731159375824639e-05,9.74266650734799e-05,9.75340529430036e-05,9.763375738906502e-05,9.772577798819255e-05,9.78101128788259e-05,9.788675632964003e-05,9.795569341726562e-05,9.801688969655637e-05,9.807027415258083e-05,9.811571845207658e-05,9.81530318998363e-05,9.81820314403427e-05,9.820281752766632e-05,9.821646292517893e-05,9.822628768208448e-05,9.823120006053726e-05
0.0,1.520441319402346e-07,5.266039841287173e-07,9.343190359754775e-07,1.3492077543457704e-06,1.760033437607699e-06,2.164273631123438e-06,2.562677364122812e-06,2.956538771621483e-06,3.3468235754988062e-06,3.7340868136806357e-06,4.118601760630531e-06,4.500487422803433e-06,4.879789575158689e-06,5.256523157536552e-06,5.630691707785217e-06,6.002295273943439e-06,6.3713332204385345e-06,6.737805025423351e-06,7.101710397811903e-06,7.4630492184376255e-06,7.821821467388194e-06,8.178027174399074e-06,8.531666391398157e-06,8.882739179160737e-06,9.2312456014826e-06,9.577185722901917e-06,9.920559607928344e-06,1.0261367320841187e-05,1.0599608925669055e-05,1.0935284486210401e-05,1.1268394066053209e-05,1.1598937728584888e-05,1.1926915536994464e-05,1.225232755427105e-05,1.2575173843199162e-05,1.289545446635354e-05,1.3213169486092787e-05,1.352831896455375e-05,1.38409029636461e-05,1.4150921545044964e-05,1.4458374770186919e-05,1.4763262700261784e-05,1.5065585396207937e-05,1.536534291870725e-05,1.5662535328177142e-05,1.5957162684767204e-05,1.62492250483511e-05,1.6538722478521484e-05,1.6825655034585816e-05,1.7110022775559017e-05,1.7391825760157694e-05,1.7671064046795385e-05,1.794773769357578e-05,1.822184675828847e-05,1.8493391298402494e-05,1.876237137106133e-05,1.902878703307652e-05,1.929263834092236e-05,1.955392535073193e-05,1.981264811828917e-05,2.0068806699026255e-05,2.032240114801604e-05,2.057343151996686e-05,2.0821897869219674e-05,2.106780024973983e-05,2.131113871511488e-05,2.1551913318544922e-05,2.1790124112840803e-05,2.2025771150420636e-05,2.2258854483301183e-05,2.248937416309436e-05,2.2717330241001035e-05,2.2942722767807835e-05,2.3165551793881342e-05,2.3385817369163097e-05,2.360351954316744e-05,2.38186583649716e-05,2.403123388321489e-05,2.424124614609208e-05,2.4448695201351575e-05,2.465358109628763e-05,2.4855903877735407e-05,2.5055663592068797e-05,2.5252860285196363e-05,2.5447494002553686e-05,2.563956478910461e-05,2.5829072689329778e-05,2.601601774722517e-05,2.6200400006300635e-05,2.6382219509573298e-05,2.6561476299564593e-05,2.6738170418293013e-05,2.6912301907272663e-05,2.708387080750969e-05,2.7252877159497573e-05,2.741932100321531e-05,2.758320237811757e-05,2.7744521323134676e-05,2.790327787667225e-05,2.80594720766004e-05,2.8213103960258448e-05,2.836417356444153e-05,2.8512680925403774e-05,2.865862607885464e-05,2.880200905995344e-05,2.894282990330921e-05,2.9081088642969072e-05,2.9216785312422573e-05,2.9349919944598604e-05,2.9480492571858128e-05,2.9608503225996164e-05,2.9733951938230914e-05,2.9856838739208112e-05,2.997716365899435e-05,3.0094926727073783e-05,3.0210127972355095e-05,3.0322767423149376e-05,3.0432845107181968e-05,3.054036105158882e-05,3.0645315282907734e-05,3.074770782708505e-05,3.0847538709459946e-05,3.094480795477127e-05,3.103951558715609e-05,3.113166163014272e-05,3.122124610665077e-05,3.130826903899218e-05,3.139273044885447e-05,3.147463035732206e-05,3.1553968784852674e-05,3.163074575129252e-05,3.1704961275855695e-05,3.177661537713966e-05,3.1845708073111e-05,3.191223938110943e-05,3.197620931784366e-05,3.203761789938764e-05,3.209646514119468e-05,3.215275105811973e-05,3.220647566453584e-05,3.225763897460222e-05,3.2306241002864175e-05,3.235228176549504e-05,3.239576128250221e-05,3.243667958085497e-05,3.247503669671268e-05,3.2510832669027376e-05,3.2544067501084304e-05,3.2574741029096975e-05,3.260285255734066e-05,3.2628399970752624e-05,3.2651377807973094e-05,3.2671773559299115e-05,3.2689561652810914e-05,3.270469637960555e-05,3.2717110908261604e-05,3.272674330436302e-05,3.2733633723231965e-05,3.273815885093822e-05,3.274145182947977e-05,3.274309831875055e-05
0.0,-1.520441319430659e-07,-5.26603984136825e-07,-9.343190359882504e-07,-1.3492077543627542e-06,-1.7600334376286934e-06,-2.1642736311484187e-06,-2.5626773641518528e-06,-2.9565387716546956e-06,-3.3468235755362675e-06,-3.734086813722396e-06,-4.118601760676614e-06,-4.50048742285387e-06,-4.8797895752134255e-06,-5.2565231575955095e-06,-5.630691707848349e-06,-6.002295274010688e-06,-6.371333220510009e-06,-6.737805025499268e-06,-7.101710397892357e-06,-7.46304921852244e-06,-7.821821467477192e-06,-8.17802717449224e-06,-8.531666391495474e-06,-8.88273917926231e-06,-9.231245601588382e-06,-9.577185723011834e-06,-9.920559608042546e-06,-1.0261367320959826e-05,-1.0599608925792235e-05,-1.0935284486338047e-05,-1.1268394066185199e-05,-1.1598937728721082e-05,-1.192691553713482e-05,-1.2252327554415746e-05,-1.2575173843348163e-05,-1.2895454466506487e-05,-1.3213169486249563e-05,-1.352831896471454e-05,-1.3840902963810747e-05,-1.4150921545214018e-05,-1.4458374770359636e-05,-1.4763262700437962e-05,-1.5065585396388062e-05,-1.536534291889122e-05,-1.566253532836549e-05,-1.5957162684959142e-05,-1.624922504854657e-05,-1.653872247872182e-05,-1.6825655034791e-05,-1.7110022775769007e-05,-1.7391825760372366e-05,-1.767106404701427e-05,-1.794773769379925e-05,-1.8221846758517e-05,-1.8493391298636116e-05,-1.8762371371299145e-05,-1.9028787033317954e-05,-1.9292638341167557e-05,-1.9553925350980795e-05,-1.9812648118541755e-05,-2.006880669928208e-05,-2.0322401148274747e-05,-2.0573431520229544e-05,-2.082189786948658e-05,-2.106780025001122e-05,-2.1311138715388575e-05,-2.1551913318821628e-05,-2.179012411312236e-05,-2.202577115070641e-05,-2.2258854483590858e-05,-2.2489374163386385e-05,-2.2717330241295155e-05,-2.2942722768104445e-05,-2.3165551794181097e-05,-2.3385817369467605e-05,-2.3603519543475093e-05,-2.381865836528242e-05,-2.4031233883528925e-05,-2.424124614640894e-05,-2.4448695201671072e-05,-2.4653581096607098e-05,-2.485590387805492e-05,-2.5055663592389236e-05,-2.525286028551779e-05,-2.544749400287816e-05,-2.5639564789429302e-05,-2.5829072689653755e-05,-2.6016017747550733e-05,-2.6200400006628088e-05,-2.6382219509904234e-05,-2.6561476299898202e-05,-2.673817041862896e-05,-2.6912301907613868e-05,-2.7083870807857224e-05,-2.725287715985266e-05,-2.7419321003574036e-05,-2.758320237847946e-05,-2.7744521323502038e-05,-2.790327787704424e-05,-2.805947207697835e-05,-2.821310396063957e-05,-2.8364173564825274e-05,-2.851268092579202e-05,-2.8658626079248885e-05,-2.8802009060354253e-05,-2.8942829903713003e-05,-2.9081088643376132e-05,-2.9216785312834797e-05,-2.9349919945016672e-05,-2.9480492572284693e-05,-2.9608503226429235e-05,-2.9733951938669437e-05,-2.9856838739653407e-05,-2.9977163659447462e-05,-3.0094926727540237e-05,-3.021012797282786e-05,-3.032276742362938e-05,-3.04328451076708e-05,-3.0540361052084927e-05,-3.064531528341772e-05,-3.074770782760185e-05,-3.08475387099817e-05,-3.094480795530053e-05,-3.103951558769548e-05,-3.113166163069334e-05,-3.122124610720986e-05,-3.130826903955445e-05,-3.1392730449425196e-05,-3.147463035789941e-05,-3.155396878543819e-05,-3.163074575187952e-05,-3.1704961276445996e-05,-3.1776615377735655e-05,-3.1845708073713694e-05,-3.191223938172292e-05,-3.19762093184668e-05,-3.203761790001822e-05,-3.2096465141825385e-05,-3.2152751058750016e-05,-3.220647566516921e-05,-3.225763897523659e-05,-3.230624100349539e-05,-3.235228176612301e-05,-3.239576128312618e-05,-3.24366795814798e-05,-3.247503669734188e-05,-3.2510832669656294e-05,-3.25440675017167e-05,-3.2574741029731924e-05,-3.2602852557977995e-05,-3.262839997139203e-05,-3.265137780861136e-05,-3.267177355994204e-05,-3.268956165346492e-05,-3.270469638026754e-05,-3.271711090893151e-05,-3.272674330503519e-05,-3.273363372390788e-05,-3.273815885161661e-05,-3.274145183015602e-05,-3.274309831942573e-05
0.0,-4.5656412998503256e-07,-1.5845181902516007e-06,-2.809550264556064e-06,-4.053582143898756e-06,-5.284543424155922e-06,-6.495947611604639e-06,-7.690328441902025e-06,-8.871478831424786e-06,-1.0042136728549462e-05,-1.1203848651857912e-05,-1.2357367416036867e-05,-1.3503017951799394e-05,-1.4640924143671189e-05,-1.577112593140685e-05,-1.689363249687462e-05,-1.8008443746096953e-05,-1.9115557854804098e-05,-2.0214973373787188e-05,-2.130668951143823e-05,-2.2390705956057142e-05,-2.3467022670371373e-05,-2.4535639753474393e-05,-2.5596557365046573e-05,-2.6649775688746466e-05,-2.769529491631588e-05,-2.8733115241406472e-05,-2.9763236857510164e-05,-3.078565995742708e-05,-3.180038473321975e-05,-3.280741137627293e-05,-3.38067400773473e-05,-3.479837102660554e-05,-3.5782304413617846e-05,-3.675854042735498e-05,-3.772707925617386e-05,-3.86879210878016e-05,-3.9641066109318346e-05,-4.058651450713909e-05,-4.1524266466995385e-05,-4.245432217391772e-05,-4.337668181221685e-05,-4.429134556546725e-05,-4.5198313616488644e-05,-4.609758614732863e-05,-4.698916333924479e-05,-4.787304537268696e-05,-4.874923242728124e-05,-4.9617724681811016e-05,-5.047852231420017e-05,-5.13316255014961e-05,-5.2177034419852865e-05,-5.3014749244513434e-05,-5.38447701497938e-05,-5.466709730906614e-05,-5.548173089474013e-05,-5.628867107824819e-05,-5.708791803002841e-05,-5.787947191950921e-05,-5.866333291509129e-05,-5.94395011841316e-05,-6.020797689292788e-05,-6.0968760206702265e-05,-6.172185128958569e-05,-6.24672503046026e-05,-6.32049574136524e-05,-6.393497277749656e-05,-6.465729655574299e-05,-6.537192890683065e-05,-6.607886998801187e-05,-6.67781199553402e-05,-6.746967896365232e-05,-6.81535471665558e-05,-6.882972471641557e-05,-6.949821176433475e-05,-7.015900846014226e-05,-7.081211495237815e-05,-7.145753138827942e-05,-7.209525791376719e-05,-7.272529467342991e-05,-7.334764181051198e-05,-7.396229946689744e-05,-7.456926778309772e-05,-7.516854689824052e-05,-7.576013695005153e-05,-7.634403807484356e-05,-7.692025040750189e-05,-7.748877408147603e-05,-7.804960922876094e-05,-7.860275597988701e-05,-7.914821446390824e-05,-7.968598480838677e-05,-8.021606713938377e-05,-8.07384615814472e-05,-8.125316825759731e-05,-8.176018728931526e-05,-8.225951879653272e-05,-8.275116289762022e-05,-8.32351197093759e-05,-8.371138934701425e-05,-8.417997192415269e-05,-8.46408675528018e-05,-8.509407634335493e-05,-8.553959840458093e-05,-8.597743384360796e-05,-8.640758276591689e-05,-8.683004527532665e-05,-8.724482147398842e-05,-8.76519114623773e-05,-8.805131533927855e-05,-8.844303320178043e-05,-8.882706514525979e-05,-8.920341126337824e-05,-8.957207164807533e-05,-8.993304638955743e-05,-9.028633557628171e-05,-9.063193929495501e-05,-9.096985763052537e-05,-9.130009066617464e-05,-9.162263848330737e-05,-9.193750116154402e-05,-9.224467877871118e-05,-9.254417141083293e-05,-9.283597913213677e-05,-9.31201020150313e-05,-9.339654013010319e-05,-9.366529354610842e-05,-9.392636232997315e-05,-9.417974654678517e-05,-9.442544625978378e-05,-9.466346153035068e-05,-9.489379241800985e-05,-9.511643898042219e-05,-9.533140127337763e-05,-9.553867935078349e-05,-9.57382732646604e-05,-9.593018306512728e-05,-9.611440880040934e-05,-9.629095051685564e-05,-9.645980825902689e-05,-9.662098206998648e-05,-9.677447199202036e-05,-9.692027806830852e-05,-9.705840034635407e-05,-9.718883888411001e-05,-9.731159375887245e-05,-9.742666507410885e-05,-9.753405294363356e-05,-9.763375738969609e-05,-9.772577798882757e-05,-9.781011287946352e-05,-9.788675633028001e-05,-9.795569341790745e-05,-9.801688969720232e-05,-9.807027415323537e-05,-9.811571845273867e-05,-9.815303190050679e-05,-9.818203144101791e-05,-9.820281752834334e-05,-9.821646292585699e-05,-9.822628768275887e-05,-9.823120006120982e-05
0.0,-7.627260733450209e-07,-2.6575968500007966e-06,-4.7050691003221455e-06,-6.775695190291484e-06,-8.822019212132695e-06,-1.0836693463100561e-05,-1.2824682208124254e-05,-1.4791914137779536e-05,-1.6742408764783933e-05,-1.867836100084043e-05,-2.060081546017161e-05,-2.2510214968435173e-05,-2.4406725288175557e-05,-2.6290398462496177e-05,-2.816124566309993e-05,-3.0019266131605396e-05,-3.18644571371321e-05,-3.369681664359404e-05,-3.55163435898618e-05,-3.732303759906046e-05,-3.911689867825381e-05,-4.0897927022737245e-05,-4.266612291038566e-05,-4.4421486651243426e-05,-4.6164018565891765e-05,-4.789371897716095e-05,-4.961058820740697e-05,-5.1314626577842505e-05,-5.3005834408499914e-05,-5.468421201832178e-05,-5.6349759725233934e-05,-5.800247784617771e-05,-5.964236669711266e-05,-6.126942659300086e-05,-6.288365784778257e-05,-6.448506077434899e-05,-6.607363568451237e-05,-6.764938288897628e-05,-6.921230269730575e-05,-7.076239541789644e-05,-7.229966135794582e-05,-7.382410082342267e-05,-7.533571411903856e-05,-7.68345015482181e-05,-7.832046341306864e-05,-7.979360001435245e-05,-8.125391165145745e-05,-8.270139862236731e-05,-8.413606122363396e-05,-8.555789975034759e-05,-8.696691449611003e-05,-8.836310575300467e-05,-8.974647381156895e-05,-9.111701896076728e-05,-9.24747414879613e-05,-9.381964167888233e-05,-9.5151719817606e-05,-9.647097618652276e-05,-9.777741106631206e-05,-9.907102473591225e-05,-0.00010035181747249778,-0.00010161978955144986,-0.00010287494124633045,-0.0001041172728288568,-0.00010534678456887226,-0.00010656347673432403,-0.00010776734959123531,-0.00010895840340367979,-0.00011013663843375616,-0.0001113020549415631,-0.00011245465318517356,-0.00011359443342061053,-0.00011472139590182264,-0.00011583554088065918,-0.00011693686860684446,-0.00011802537932795592,-0.000119101073289398,-0.00012016395073438209,-0.00012121401190389974,-0.0001222512570366979,-0.00012327568636926126,-0.0001242873001357858,-0.00012528609856815711,-0.00012627208189592868,-0.00012724525034629448,-0.0001282056041440769,-0.00012915314351169782,-0.0001300878686691579,-0.00013100977983401599,-0.00013191887722136878,-0.0001328151610438305,-0.00013369863151151208,-0.0001345692888319992,-0.00013542713321033385,-0.0001362721648489916,-0.00013710438394787093,-0.00013792379070426145,-0.00013873038531283296,-0.00013952416796561725,-0.0001403051388519842,-0.00014107329815862683,-0.00014182864606954285,-0.00014257118276601692,-0.00014330090842660414,-0.00014401782322711086,-0.00014472192734057946,-0.00014541322093726783,-0.00014609170418463895,-0.00014675737724734235,-0.00014741024028719422,-0.00014805029346316793,-0.00014867753693137227,-0.0001492919708450437,-0.00014989359535452968,-0.00015048241060726657,-0.00015105841674777293,-0.00015162161391763445,-0.00015217200225549178,-0.00015270958189702533,-0.0001532343529749364,-0.0001537463156189442,-0.00015424546995576905,-0.0001547318161091162,-0.00015520535419967502,-0.000155666084345091,-0.00015611400665997016,-0.00015654912125585886,-0.00015697142824123685,-0.00015738092772150692,-0.00015777761979897796,-0.0001581615045728622,-0.00015853258213926634,-0.00015889085259117108,-0.00015923631601843174,-0.00015956897250775332,-0.00015988882214268288,-0.00016019586500360403,-0.00016049010116775958,-0.00016077153070937552,-0.00016104015370003365,-0.0001612959702096673,-0.00016153898030886056,-0.00016176918407362435,-0.0001619865815941086,-0.00016219117298765787,-0.000162382958410316,-0.00016256193803991848,-0.00016272811194586,-0.00016288147961949524,-0.00016302203863224383,-0.00016314978129621202,-0.00016326468723729795,-0.0001633667086861993,-0.0001634557454440181,-0.00016353161242489404,-0.0001635940256439932,-0.00016364269364211215,-0.0001636777238001802,-0.00016370071405545194,-0.000163716917849392,-0.00016372501974636202
0.0,-1.0732719639330877e-06,-3.7599173064221905e-06,-6.63598796045066e-06,-9.526688594588876e-06,-1.2379796886982215e-05,-1.5191529418264323e-05,-1.7969609619254884e-05,-2.07212202604163e-05,-2.3450826227034842e-05,-2.616074878655794e-05,-2.8852056012445934e-05,-3.152518818302845e-05,-3.4180305251297575e-05,-3.6817455176976883e-05,-3.943664694464251e-05,-4.203787881533905e-05,-4.462114771027106e-05,-4.718645153940238e-05,-4.973378931071032e-05,-5.2263160762240154e-05,-5.477456603029279e-05,-5.72680054423564e-05,-5.9743479408072004e-05,-6.220098836820582e-05,-6.464053277315862e-05,-6.706211307491518e-05,-6.946572972448826e-05,-7.18513831713394e-05,-7.421907386338073e-05,-7.65688022470754e-05,-7.89005687675073e-05,-8.12143738684046e-05,-8.351021799213063e-05,-8.57881015796564e-05,-8.804802507052353e-05,-9.028998890280581e-05,-9.251399351306586e-05,-9.472003933631397e-05,-9.690812680596677e-05,-9.907825635380353e-05,-0.0001012304284099259,-0.00010336464340271553,-0.00010548090175879334,-0.0001075792039029787,-0.00010965955025824671,-0.00011172194124568916,-0.00011376637728447351,-0.00011579285879180154,-0.00011780138618287006,-0.00011979195987082972,-0.00012176458026674741,-0.0001237192477795636,-0.0001256559628160545,-0.00012757472578079376,-0.00012947553707611084,-0.00013135839710205476,-0.00013322330625635355,-0.00013507026493437703,-0.0001368992735290989,-0.00013871033243105662,-0.00014050344202831677,-0.0001422786027064359,-0.0001440358148484227,-0.00014577507883470356,-0.00014749639504308158,-0.0001491997638487052,-0.0001508851856240282,-0.00015255266073877494,-0.00015420218955990628,-0.00015583377245158043,-0.00015744740977512238,-0.00015904310188898438,-0.00016062084914871466,-0.00016218065190692335,-0.00016372251051324457,-0.00016524642531430726,-0.00016675239665369868,-0.0001682404248719343,-0.00016971051030642112,-0.0001711626532914252,-0.00017259685415804522,-0.0001740131132341752,-0.00017541143084447248,-0.00017679180731032895,-0.0001781542429498373,-0.0001794987380777676,-0.0001808252930055283,-0.0001821339080411372,-0.00018342458348919594,-0.00018469731965085586,-0.00018595211682379643,-0.00018718897530218916,-0.00018840789537667021,-0.00018960887733431467,-0.00019079192145860836,-0.00019195702802942254,-0.00019310419732298013,-0.0001942334296118349,-0.0001953447251648461,-0.00019643808424714627,-0.00019751350712012396,-0.0001985709940413903,-0.00019961054526475739,-0.00020063216104021628,-0.00020163584161391054,-0.00020262158722811574,-0.00020358939812120718,-0.00020453927452764435,-0.00020547121667795033,-0.0002063852247986804,-0.000207281299112412,-0.0002081594398377117,-0.00020901964718912267,-0.00020986192137714005,-0.0002106862626081874,-0.00021149267108460374,-0.00021228114700462517,-0.00021305169056235406,-0.0002138043019477539,-0.0002145389813466207,-0.00021525572894057188,-0.00021595454490702575,-0.00021663542941918092,-0.0002172983826460057,-0.00021794340475222038,-0.00021857049589828155,-0.00021917965624036357,-0.0002197708859303451,-0.00022034418511579897,-0.00022089955393996547,-0.00022143699254175515,-0.00022195650105572072,-0.0002224580796120467,-0.00022294172833653842,-0.00022340744735059852,-0.00022385523677121555,-0.00022428509671094433,-0.00022469702727792557,-0.0002250910285760043,-0.00022546710070508175,-0.00022582524376210802,-0.00022616545784340765,-0.0002264877430496145,-0.0002267920994949259,-0.000227078527321601,-0.0002273470267149964,-0.00022759759789427783,-0.0002278302409968275,-0.00022804495563210733,-0.00022824173956373654,-0.0002284205853469723,-0.00022858147266286902,-0.00022872435266866166,-0.00022884912014823865,-0.00022895557418309932,-0.00022904339145960766,-0.00022911220789320627,-0.00022916207341272182,-0.0002291948336516882,-0.00022921719895237588,-0.0002292283816027197
0.0,-1.396120825917766e-06,-4.913367957496669e-06,-8.619132650885524e-06,-1.2315816299166772e-05,-1.5962953853268534e-05,-1.9563952757751443e-05,-2.3128177119285096e-05,-2.666240966402191e-05,-3.0170433347703947e-05,-3.3654090007347875e-05,-3.711418803070836e-05,-4.055104720994685e-05,-4.396477839916571e-05,-4.735541230640062e-05,-5.072295318023119e-05,-5.4067398752548744e-05,-5.7388746480210754e-05,-6.0686994874783726e-05,-6.396214339142588e-05,-6.721419207232338e-05,-7.044314126784676e-05,-7.364899147181712e-05,-7.683174323767015e-05,-7.999139714029752e-05,-8.312795376042118e-05,-8.624141367893966e-05,-8.933177747522969e-05,-9.239904572681152e-05,-9.544321900938384e-05,-9.846429789689866e-05,-0.00010146228296159893,-0.00010443717477401577,-0.00010738897390293877,-0.00011031768091537272,-0.00011322329637648681,-0.0001161058208495626,-0.00011896525489593891,-0.00012180159907495882,-0.0001246148539439151,-0.00012740502005799642,-0.00013017209797023423,-0.00013291608823144742,-0.0001356369913901917,-0.0001383348079927057,-0.00014100953858285737,-0.00014366118370209277,-0.00014628974388938308,-0.00014889521968117268,-0.00015147761161132757,-0.00015403692021108377,-0.00015657314600899634,-0.00015908628953088724,-0.00016157635129979508,-0.00016404333183592666,-0.00016648723165660343,-0.00016890805127621383,-0.0001713057912061628,-0.0001736804519548228,-0.00017603203402748435,-0.0001783605379263069,-0.00018066596415027255,-0.00018294831319513456,-0.00018520758555337156,-0.00018744378171414069,-0.00018965690216322847,-0.0001918469473830053,-0.00019401391785237723,-0.00019615781404674201,-0.00019827863643794255,-0.00020037638549422044,-0.00020245106168017093,-0.00020450266545669776,-0.00020653119728097073,-0.00020853665760637953,-0.00021051904688248994,-0.0002124783655550027,-0.0002144146140657077,-0.0002163277928524428,-0.00021821790234905205,-0.00022008494298534162,-0.00022192891518704104,-0.0002237498193757614,-0.00022554765596895126,-0.00022732242537986088,-0.00022907412801750194,-0.00023080276428660623,-0.00023250833458758884,-0.00023419083931650305,-0.0002358502788650107,-0.00023748665362033784,-0.00023909996396524383,-0.00024069021027797784,-0.0002422573929322438,-0.00024380151229716894,-0.000245322568737264,-0.00024682056261238964,-0.00024829549427771874,-0.0002497473640837045,-0.0002511761723760485,-0.0002525819194956646,-0.0002539646057786489,-0.0002553242315562416,-0.00025666079715479776,-0.00025797430289576024,-0.00025926474909562395,-0.00026053213606590876,-0.00026177646411312296,-0.00026299773353873757,-0.00026419594463916106,-0.00026537109770570516,-0.0002665231930245598,-0.0002676522308767638,-0.0002687582115381776,-0.0002698411352794565,-0.0002709010023660279,-0.0002719378130580624,-0.00027295156761045046,-0.000273942266272777,-0.0002749099092892951,-0.0002758544968989071,-0.0002767760293351376,-0.0002776745068261145,-0.0002785499295945395,-0.00027940229785767444,-0.0002802316118273183,-0.00028103787170978935,-0.00028182107770589784,-0.00028258123001093446,-0.00028331832881464333,-0.00028403237430121197,-0.0002847233666492537,-0.00028539130603177606,-0.0002860361926161775,-0.0002866580265642208,-0.00028725680803202465,-0.00028783253717003016,-0.00028838521412298263,-0.000288914839029941,-0.00028942141202434503,-0.00028990493323426114,-0.0002903654027830926,-0.00029080282079131913,-0.00029121718738030265,-0.00029160850267967106,-0.0002919767668395942,-0.00029232198004574937,-0.0002926441425210783,-0.00029294325445736896,-0.000293219315714283,-0.0002934723248796744,-0.000293702276778243,-0.0002939091565833217,-0.00029409292727967246,-0.0002942535060028836,-0.0002943907270134279,-0.0002945043060094342,-0.00029459388473622233,-0.00029465942517895017,-0.00029470266565557947,-0.000294730984608777,-0.00029474514408537575
0.0,-1.7578294826618772e-06,-6.154557140104605e-06,-1.067102719425825e-05,-1.514780537127121e-05,-1.9573002111467472e-05,-2.3955485905129294e-05,-2.8302532642003597e-05,-3.261812015304979e-05,-3.6904141615852804e-05,-4.1161424936648993e-05,-4.5390304870039774e-05,-4.9590904372608605e-05,-5.376326248084101e-05,-5.790738839677417e-05,-6.202328249083763e-05,-6.611094352203981e-05,-7.017037062520369e-05,-7.420156356956371e-05,-7.820452258515568e-05,-8.217924816506315e-05,-8.612574093274482e-05,-9.004400156913125e-05,-9.393403077731944e-05,-9.779582926717862e-05,-0.00010162939774932256,-0.0001054347369330448,-0.00010921184752574534,-0.00011296073023283064,-0.0001166813857577193,-0.00012037381480184224,-0.00012403801806461806,-0.00012767399624340838,-0.0001312817500334612,-0.00013486128012784796,-0.00013841258721739873,-0.0001419356719906361,-0.00014543053513370812,-0.0001488971773303233,-0.0001523355992616838,-0.0001557458016064198,-0.00015912778504052435,-0.00016248155023728666,-0.000165807097867229,-0.0001691044285980414,-0.00017237354309451678,-0.00017561444201848642,-0.0001788271260287574,-0.0001820115957810481,-0.00018516785192792485,-0.00018829589511873993,-0.0001913957259995679,-0.00019446734521314256,-0.00019751075339879626,-0.00020052595119239886,-0.00020351293922629403,-0.00020647171812924033,-0.00020940228852634916,-0.00021230465103902515,-0.00021517880628490555,-0.00021802475487780177,-0.00022084249742763902,-0.00022363203454039778,-0.00022639336681805515,-0.00022912649485852752,-0.00023183141925561308,-0.00023450814059893264,-0.00023715665947387284,-0.00023977697646153216,-0.00024236909213866392,-0.00024493300707761954,-0.0002474687218462928,-0.0002499762370080651,-0.00025245555312175446,-0.00025490667074155713,-0.00025732959041699794,-0.00025972431269287346,-0.00026209083810920295,-0.0002644291672011732,-0.0002667393004990892,-0.0002690212385283228,-0.00027127498180926004,-0.0002735005308572525,-0.00027569788618256617,-0.0002778670482903345,-0.0002800080176805086,-0.0002821207948478095,-0.0002842053802816789,-0.00028626177446623106,-0.0002882899778802095,-0.00029028999099693967,-0.0002922618142842809,-0.00029420544820458344,-0.0002961208932146421,-0.00029800814976565615,-0.0002998672183031826,-0.00030169809926709285,-0.0003035007930915296,-0.00030527530020486767,-0.0003070216210296713,-0.0003087397559826556,-0.00031042970547464315,-0.00031209146991052154,-0.0003137250496892094,-0.00031533044520362,-0.0003169076568406198,-0.0003184566849809881,-0.00031997752999938367,-0.00032147019226430997,-0.00032293467213807765,-0.0003243709699767701,-0.0003257790861302094,-0.000327159020941919,-0.00032851077474909345,-0.00032983434788256915,-0.0003311297406667879,-0.00033239695341976853,-0.0003336359864530726,-0.00033484684007177644,-0.0003360295145744434,-0.0003371840102530916,-0.00033831032739317147,-0.0003394084662735296,-0.0003404784271663829,-0.00034152021033730324,-0.000342533816045181,-0.0003435192445422055,-0.00034447649607383655,-0.00034540557087878393,-0.00034630646918898015,-0.0003471791912295685,-0.00034802373721887355,-0.00034884010736837174,-0.00034962830188268047,-0.00035038832095953925,-0.0003511201647897896,-0.00035182383355734595,-0.00035249932743917017,-0.00035314664660527,-0.00035376579121870945,-0.0003543567614356755,-0.00035491955740574925,-0.00035545417927259325,-0.0003559606271755549,-0.00035643890125294553,-0.0003568890016479206,-0.000357310928516979,-0.00035770468203645035,-0.0003580702623869472,-0.0003584076696538617,-0.00035871690347889784,-0.0003589979620680559,-0.00035925083969525406,-0.00035947552100590183,-0.00035967196926188857,-0.00035984010529951444,-0.0003599797801993932,-0.0003600907811264807,-0.00036017306139908626,-0.0003602279122802169,-0.0003602621458408997,-0.0003602792626212411
0.0,-2.2580182881804283e-06,-7.540579959130478e-06,-1.2799301159508985e-05,-1.8018615011664167e-05,-2.320675575818256e-05,-2.836559322140124e-05,-3.3494029005805084e-05,-3.8590719844274244e-05,-4.365478872878272e-05,-4.868578369592455e-05,-5.368350557890763e-05,-5.864787873320786e-05,-6.357887979402613e-05,-6.847650449890537e-05,-7.334075421174049e-05,-7.817163123196291e-05,-8.296913752994689e-05,-8.773327461297592e-05,-9.246404366268095e-05,-9.71614456772624e-05,-0.00010182548156410928,-0.00010645615218970982,-0.00011105345840338598,-0.00011561740104740817,-0.00012014798096080327,-0.00012464519898053682,-0.00012910905594172914,-0.00013353955267757502,-0.00013793669001920482,-0.00014230046879555561,-0.00014663088983326035,-0.00015092795395655297,-0.00015519166198718184,-0.0001594220147443266,-0.00016361901304451904,-0.0001677826577015633,-0.0001719129495264574,-0.0001760098893273148,-0.00018007347790928704,-0.0001841037160744857,-0.0001881006046219048,-0.00019206414434734387,-0.00019599433604333057,-0.0001998911804990456,-0.00020375467850024527,-0.00020758483082918545,-0.00021138163826454765,-0.0002151451015813623,-0.00021887522155093498,-0.00022257199894077135,-0.00022623543451450332,-0.00022986552903181496,-0.00023346228324836973,-0.00023702569791573695,-0.00024055577378132066,-0.00024405251158828554,-0.0002475159120754866,-0.0002509459759773963,-0.00025434270402403553,-0.0002577060969409028,-0.00026103615544890296,-0.0002643328802642787,-0.00026759627209854117,-0.0002708263316584013,-0.0002740230596457028,-0.0002771864567573518,-0.00028031652368525046,-0.0002834132611162316,-0.00028647666973199233,-0.0002895067502090272,-0.00029250350321856204,-0.0002954669294264904,-0.00029839702949330975,-0.0003012938040740563,-0.0003041572538182441,-0.0003069873793697998,-0.000309784181367002,-0.0003125476604424182,-0.00031527781722284727,-0.00031797465232925355,-0.00032063816637671356,-0.0003232683599743489,-0.00032586523372527204,-0.0003284287882265287,-0.00033095902406904046,-0.00033345594183754515,-0.0003359195421105412,-0.0003383498254602305,-0.0003407467924524672,-0.0003431104436467013,-0.0003454407795959236,-0.0003477378008466112,-0.0003500015079386761,-0.0003522319014054164,-0.00035442898177345995,-0.0003565927495627163,-0.0003587232052863228,-0.000360820349450601,-0.0003628841825550037,-0.00036491470509206924,-0.0003669119175473718,-0.0003688758203994712,-0.00037080641411987386,-0.00037270369917298394,-0.00037456767601606086,-0.00037639834509916914,-0.0003781957068651394,-0.0003799597617495269,-0.00038169051018056805,-0.00038338795257913895,-0.000385052089358711,-0.00038668292092531437,-0.00038828044767750093,-0.0003898446700063029,-0.00039137558829519664,-0.00039287320292006613,-0.0003943375142491651,-0.0003957685226430803,-0.00039716622845469886,-0.00039853063202917587,-0.0003998617337038987,-0.0004011595338084516,-0.00040242403266458764,-0.00040365523058619906,-0.00040485312787928176,-0.00040601772484191533,-0.00040714902176421975,-0.00040824701892833984,-0.0004093117166084113,-0.0004103431150705426,-0.000411341214572782,-0.000412306015365089,-0.0004132375176893157,-0.000414135721779189,-0.0004150006278602809,-0.0004158322361499977,-0.0004166305468575493,-0.00041739556018393964,-0.0004181272763219284,-0.00041882569545594815,-0.0004194908177619159,-0.00042012264340672833,-0.0004207211725471652,-0.0004212864053276177,-0.00042181834187592223,-0.0004223169822971455,-0.00042278232666805683,-0.0004232143750448418,-0.00042361312752377267,-0.0004239785844595563,-0.0004243107470845823,-0.0004246096190290933,-0.00042487520962797916,-0.0004251075402520474,-0.0004253066546194558,-0.0004254726321889831,-0.0004256056033079627,-0.000425705802335767,-0.0004257740062900722,-0.00042581464518084397,-0.00042583496462622985
0.0,-3.3036335909740706e-06,-9.110344649065852e-06,-1.4984148712284934e-05,-2.0911403000145946e-05,-2.6856312354855985e-05,-3.279224186488333e-05,-3.870363173590994e-05,-4.458252340063949e-05,-5.042523686076656e-05,-5.623022581302841e-05,-6.1996908787188e-05,-6.772510000061954e-05,-7.341475774638303e-05,-7.906588387368273e-05,-8.467848853443502e-05,-9.025258027647005e-05,-9.578816465123069e-05,-0.00010128524499846579,-0.00010674382338397708,-0.00011216390123565628,-0.00011754547969457922,-0.0001228885597853517,-0.0001281931424903305,-0.00013345922877850607,-0.000138686819615152,-0.00014387591596421958,-0.00014902651878841633,-0.00015413862904876588,-0.0001592122477041882,-0.00016424737571120107,-0.0001692440140237167,-0.0001742021635928983,-0.00017912182536704622,-0.00018400300029149848,-0.00018884568930853672,-0.00019364989335729458,-0.00019841561337366763,-0.00020314285029022176,-0.00020783160503610486,-0.00021248187853695658,-0.0002170936717148192,-0.00022166698548804867,-0.000226201820771225,-0.00023069817847506567,-0.00023515605950633604,-0.00023957546476776264,-0.00024395639515794725,-0.0002482988515712774,-0.0002526028348978425,-0.00025686834602334756,-0.00026109538582902615,-0.0002652839551915573,-0.00026943405498297936,-0.00027354568607060607,-0.00027761884931694456,-0.00028165354557960985,-0.0002856497757112429,-0.0002896075405594282,-0.00029352684096661255,-0.00029740767777002367,-0.00030125005180158833,-0.00030505396388785376,-0.00030881941484990714,-0.00031254640550329465,-0.0003162349366579466,-0.0003198850091180956,-0.0003234966236822001,-0.0003270697811428669,-0.0003306044822867771,-0.000334100727894608,-0.00033755851874095715,-0.0003409778555942687,-0.0003443587392167581,-0.0003477011703643396,-0.00035100514978655555,-0.00035427067822649987,-0.00035749775642074816,-0.00036068638509928637,-0.000363836564985441,-0.0003669482967958098,-0.00037002158124019096,-0.00037305641902151527,-0.0003760528108357758,-0.00037901075737196516,-0.00038193025931201066,-0.0003848113173307011,-0.00038765393209562547,-0.00039045810426710585,-0.0003932238344981413,-0.0003959511234343385,-0.00039863997171385223,-0.0004012903799673196,-0.00040390234881780026,-0.00040647587888072183,-0.0004090109707638151,-0.000411507625067056,-0.00041396584238261074,-0.0004163856232947747,-0.00041876696837991813,-0.0004211098782064312,-0.00042341435333466746,-0.00042568039431689007,-0.00042790800169721773,-0.000430097176011576,-0.0004322479177876415,-0.0004343602275447895,-0.000436434105794052,-0.0004384695530380597,-0.00044046656977099924,-0.00044242515647856153,-0.00044434531363789535,-0.0004462270417175627,-0.0004480703411774918,-0.0004498752124689364,-0.0004516416560344291,-0.00045336967230774015,-0.0004550592617138382,-0.00045671042466884125,-0.000458323161579983,-0.0004598974728455714,-0.00046143335885494996,-0.00046293081998846646,-0.00046438985661742413,-0.00046581046910405436,-0.00046719265780147796,-0.00046853642305367865,-0.00046984176519545954,-0.0004711086845524118,-0.00047233718144089527,-0.0004735272561679948,-0.0004746789090314946,-0.0004757921403198579,-0.0004768669503121843,-0.000477903339278197,-0.00047890130747821303,-0.00047986085516314313,-0.00048078198257446786,-0.0004816646899442305,-0.0004825089774950037,-0.00048331484543974354,-0.00048408229398131563,-0.00048481132331110394,-0.00048550193360556894,-0.00048615412501845466,-0.00048676789766488154,-0.0004873432515930451,-0.0004878801867437389,-0.0004883787029208424,-0.0004888387998701818,-0.0004892604777657062,-0.0004896437388869973,-0.0004899885923269416,-0.0004902950656270165,-0.0004905632307130632,-0.0004907932559524875,-0.0004909854974585418,-0.0004911406250317599,-0.0004912596934502344,-0.0004913438104751511,-0.0004913927722568369,-0.00049141725314768
-1.1851604068958668e-06,-3.826441242370892e-06,-9.89522699403354e-06,-1.607657248867291e-05,-2.235779699438683e-05,-2.8681090653192698e-05,-3.500556618662438e-05,-4.130843310096237e-05,-4.7578425178822106e-05,-5.381046092675849e-05,-6.000244687158034e-05,-6.615361039132817e-05,-7.226371063432539e-05,-7.833269672256147e-05,-8.436057356107141e-05,-9.034735569578227e-05,-9.629305479872362e-05,-0.0001021976782118726,-0.00010806123019121072,-0.00011388371324462515,-0.00011966512901485322,-0.0001254054787598142,-0.00013110476358317265,-0.0001367629845338028,-0.00014238014264405502,-0.00014795623894232638,-0.00015349127445606097,-0.00015898525021175992,-0.00016443816723436133,-0.0001698500265466799,-0.00017522082916902383,-0.0001805505761189449,-0.00018583926841107096,-0.00019108690705697844,-0.00019629349306508442,-0.00020145902744054557,-0.00020658351118516024,-0.00021166694529727275,-0.00021670933077167523,-0.00022171066859951377,-0.00022667095976819203,-0.0002315902052612764,-0.00023646840605840103,-0.00024130556313517226,-0.0002461016774630757,-0.0002508567500093814,-0.0002555707817370513,-0.0002602437736046471,-0.000264875726566235,-0.0002694666415712962,-0.0002740165195646357,-0.0002785253614862876,-0.00028299316827142847,-0.0002874199408502842,-0.00029180568014804066,-0.0002961503870847565,-0.00030045406257527197,-0.00030471670752912113,-0.0003089383228504441,-0.00031311890943790105,-0.0003172584681845841,-0.00032135699997793104,-0.0003254145056996413,-0.00032943098622559015,-0.0003334064424257413,-0.0003373408751640685,-0.0003412342852984675,-0.0003450866736806749,-0.0003488980411561845,-0.0003526683885641695,-0.00035639771673739843,-0.00036008602650215466,-0.0003637333186781578,-0.00036733959407848226,-0.0003709048535094813,-0.0003744290977707113,-0.00037791232765484986,-0.0003813545439476213,-0.0003847557474277204,-0.0003881159388667379,-0.0003914351190290879,-0.0003947132886719297,-0.0003979504485450984,-0.0004011465993910277,-0.00040430174194468335,-0.0004074158769334958,-0.0004104890050772791,-0.0004135211270881676,-0.00041651224367054355,-0.00041946235552097833,-0.0004223714633281571,-0.0004252395677728165,-0.0004280666695276738,-0.00043085276925736236,-0.0004335978676183746,-0.0004363019652589927,-0.00043896506281922577,-0.0004415871609307547,-0.0004441682602168615,-0.0004467083612923754,-0.0004492074647636122,-0.00045166557122831527,-0.00045408268127559954,-0.0004564587954858897,-0.00045879391443087215,-0.0004610880386734318,-0.00046334116876759976,-0.0004655533052585083,-0.0004677244486823261,-0.00046985459956621484,-0.00047194375842827277,-0.00047399192577748754,-0.00047599910211368687,-0.0004779652879274873,-0.0004798904837002532,-0.0004817746899040454,-0.00048361790700157713,-0.0004854201354461748,-0.00048718137568172173,-0.0004889016281426251,-0.0004905808932537691,-0.0004922191714304756,-0.0004938164630784739,-0.0004953727685938424,-0.0004968880883629821,-0.0004983624227625761,-0.0004997957721595603,-0.0005011881369110795,-0.0005025395173644478,-0.0005038499138571372,-0.0005051193267167209,-0.0005063477562608508,-0.0005075352027972424,-0.0005086816666236187,-0.000509787148027701,-0.0005108516472871791,-0.0005118751646697159,-0.0005128577004329271,-0.0005137992548243759,-0.0005146998280815414,-0.0005155594204316413,-0.0005163780320910155,-0.0005171556632632918,-0.0005178923141347709,-0.0005185879848638731,-0.0005192426755593611,-0.0005198563862409949,-0.0005204291167815799,-0.0005209608668588427,-0.0005214516360433864,-0.0005219014244187811,-0.0005223102347882047,-0.0005226780789758658,-0.0005230049936265352,-0.0005232910759435711,-0.0005235365566190034,-0.0005237419300933211,-0.0005239081358936584,-0.0005240366390074681,-0.0005241287125676905,-0.0005241818357948335,-0.0005242021552402193
