-1.4335617934880605e-06,-2.732438586342311e-06,-5.512673140296213e-06,-9.140389342125286e-06,-1.4127686095359896e-05,-2.0641752515614256e-05,-2.873023225591146e-05,-3.840021397965316e-05,-4.964549627755724e-05,-6.245600580720963e-05,-7.6820872621976e-05,-9.272928734468125e-05,-0.00011017064386590713,-0.00012913449536884142,-0.0001496104895789309,-0.00017158832273036877,-0.00019505771343737103,-0.00022000838971247363,-0.0002464300831681367,-0.00027431252668856383,-0.0003036454536113866,-0.00033441859749748027,-0.00036662169209843854,-0.0004002444713744627,-0.00043527666951569816,-0.000471708020956478,-0.0005095282603829012,-0.0005487271227361823,-0.0005892943432137432,-0.0006312196572692272,-0.0006744928006120412,-0.0007191035092067099,-0.000765041519272151,-0.0008122965672809028,-0.0008608583899583441,-0.0009107167242818848,-0.0009618613074801349,-0.0010142818770320487,-0.0010679681706660497,-0.0011229099263591275,-0.0011790968823359137,-0.0012365187770677368,-0.0012951653492716403,-0.001355026337909401,-0.0014160914821864927,-0.001478350521551057,-0.0015417931956928244,-0.0016064092445420394,-0.0016721884082683278,-0.0017391204272795748,-0.0018071950422207598,-0.0018764019939727786,-0.0019467310236512296,-0.0020181718726052012,-0.002090714282416,-0.0021643479948958997,-0.002239062752086831,-0.0023148482962590724,-0.0023916943699099098,-0.0024695907157622665,-0.0025485270767633375,-0.0026284931960831705,-0.0027094788171132403,-0.0027914736834650164,-0.002874467538968477,-0.0029584501276706246,-0.0030434111938339855,-0.0031293404819350574,-0.0032162277366627836,-0.0033040627029169555,-0.0033928351258066345,-0.0034825347506485358,-0.0035731513229653906,-0.003664674588484307,-0.0037570942931350734,-0.0038504001830484864,-0.003944582004554624,-0.0040396295041811355,-0.004135532428651475,-0.004232280524883129,-0.00432986353998584,-0.004428271221259801,-0.004527493316193816,-0.004627519572463477,-0.004728339737929282,-0.004829943560634778,-0.0049323207888046505,-0.005035461170842814,-0.0051393544553304735,-0.005243990391024185,-0.005349358726853886,-0.00545544921192093,-0.005562251595496044,-0.0056697556270173845,-0.0057779510560884255,-0.005886827632475975,-0.005996375106108081,-0.006106583227071952,-0.006217441745611893,-0.006328940412127155,-0.006441068977169848,-0.006553817191442776,-0.0066671748057972845,-0.006781131571231133,-0.006895677238886251,-0.007010801560046605,-0.007126494286135935,-0.007242745168715556,-0.007359543959482149,-0.0074768804102654535,-0.0075947442730260615,-0.007713125299853096,-0.007832013242961976,-0.007951397854692066,-0.008071268887504387,-0.008191616093979299,-0.008312429226814171,-0.008433698038821016,-0.008555412282924151,-0.008677561712157802,-0.008800136079663783,-0.008923125138689047,-0.009046518642583302,-0.009170306344796654,-0.009294477998877112,-0.0094190233584682,-0.009543932177306525,-0.009669194209219327,-0.009794799208122009,-0.00992073692801568,-0.010046997122984697,-0.01017356954719418,-0.01030044395488748,-0.010427610100383795,-0.01055505773807555,-0.010682776622425953,-0.010810756507966476,-0.01093898714929432,-0.0110674583010701,-0.011196159718015311,-0.011325081154910302,-0.0114542123665923,-0.011583543107953832,-0.011713063133940896,-0.011842762199548522,-0.011972630059807074,-0.01210265646974088,-0.012232831184257113,-0.01236314395787596,-0.012493584544136124,-0.012624142694418,-0.012754808155922687,-0.012885570669002092,-0.013016419966041536,-0.013147345780518639,-0.01327833789277157,-0.013409386285240722,-0.013540481594209152,-0.013671616324725175,-0.013802788034378857,-0.01393400866101847,-0.013999617795865813
0.0,-2.20671313480679e-06,-4.926120699345558e-06,-8.541920387792363e-06,-1.3528593948367914e-05,-2.0044882770574647e-05,-2.8136562045425808e-05,-3.781014860389197e-05,-4.9059204191234246e-05,-6.187354965425108e-05,-7.624227092786199e-05,-9.215454276258305e-05,-0.00010959975472214083,-0.00012856745962320818,-0.00014904730578737,-0.00017102899003883514,-0.0001945022313753799,-0.00021945675801721687,-0.00024588230167628736,-0.0002737685952796876,-0.0003031053721816066,-0.00033388236594846524,-0.0003660893103333295,-0.0003997159392966203,-0.00043475198702845516,-0.0004711871879631816,-0.0005090112767870015,-0.0005482139884413008,-0.000588785058123718,-0.0006307142212881385,-0.0006739912136442297,-0.000718605771156789,-0.0007645476300450166,-0.0008118065267817432,-0.0008603721980926495,-0.0009102343809554561,-0.0009613828125990925,-0.0010138072305028419,-0.0010674973723954657,-0.0011224429762543002,-0.0011786337803043332,-0.0012360595230172567,-0.0012947099431104895,-0.0013545747795461892,-0.0014156437715302224,-0.0014779066585111293,-0.0015413531801790506,-0.0016059730764646466,-0.0016717560875379712,-0.0017386919538073427,-0.0018067704159181847,-0.001875981214751845,-0.0019463140914243822,-0.0020177587872853534,-0.002090305043916543,-0.0021639426031307093,-0.0022386612069702785,-0.0023144505977060296,-0.00239130051783576,-0.0024692007100829113,-0.002548140917395205,-0.002628110882943224,-0.002709100350118985,-0.0027910990625345097,-0.002874096764020333,-0.0029580831986240255,-0.003043048110608687,-0.0031289812444513982,-0.0032158723448416915,-0.003303711156679955,-0.003392487425075856,-0.0034821908953467213,-0.003572811313015903,-0.0036643384238111364,-0.0037567619736628434,-0.003850071708702462,-0.003944257375260724,-0.004039308719865929,-0.004135215489242199,-0.004231967430307688,-0.004329554290172816,-0.004427965816138461,-0.00452719175569412,-0.00462722185651608,-0.0047280458664655444,-0.004829653533586772,-0.004932034606105164,-0.005035178832425362,-0.005139075961129301,-0.005243715740974271,-0.005349087920890956,-0.005455182249981456,-0.005561988477517259,-0.005669496352937277,-0.005777695625845754,-0.005886576046010275,-0.005996127363359659,-0.006106339327981908,-0.006217201690122113,-0.006328704200180324,-0.006440836608709449,-0.0065535886664131035,-0.006666950124143445,-0.006780910732899052,-0.006895460243822674,-0.007010588408199108,-0.007126284977452927,-0.007242539703146286,-0.007359342336976706,-0.007476682630774778,-0.0075945503365019455,-0.00771293520624819,-0.007831826992229791,-0.007951215446786982,-0.008071090322381652,-0.00819144137159504,-0.008312258347125392,-0.008433531001785602,-0.008555249088500881,-0.008677402360306343,-0.0087999805703447,-0.008922973471863802,-0.009046370818214262,-0.00917016236284709,-0.009294337859311209,-0.009418887061251055,-0.009543799722404153,-0.009669065596598662,-0.00979467443775091,-0.009920615999862931,-0.010046880037020018,-0.010173456303388211,-0.01030033455321181,-0.010427504540810944,-0.01055495602057898,-0.010682678746980073,-0.010810662474546626,-0.010938896957876807,-0.011067371951632156,-0.011196077210535126,-0.011325002489367002,-0.01145413754296597,-0.011583472126225593,-0.011712995994093074,-0.011842698901565175,-0.011972570603675207,-0.012102600855453014,-0.012232779411816185,-0.012363096027303138,-0.01249354045547963,-0.012624102447751568,-0.012754771751295765,-0.012885538106237717,-0.01301639124412703,-0.013147320896000004,-0.013278316835772505,-0.013409369029457456,-0.013540468068891203,-0.013671606319832375,-0.013802780799894032,-0.013934000640885335,-0.013999610561380986
0.0,-1.1552622317357475e-06,-3.7530158174442484e-06,-7.344982479126517e-06,-1.233040965438395e-05,-1.885114328049543e-05,-2.694922162445451e-05,-3.663001785236959e-05,-4.7886620018588265e-05,-6.070863734833397e-05,-7.508506753963402e-05,-9.100505359838663e-05,-0.00010845797643460821,-0.00012743338813194164,-0.0001479209382042482,-0.0001699103246557679,-0.00019339126725139764,-0.00021835349462670338,-0.0002447867386925886,-0.0002726807324619351,-0.00030202520932204677,-0.0003328099028504352,-0.0003650245468031114,-0.00039865887514093544,-0.00043370262205396905,-0.0004701455219765889,-0.000507977309595202,-0.000547187719851538,-0.0005877664879436673,-0.0006297033493259611,-0.0006729880397086066,-0.000717610295056947,-0.0007635598515907475,-0.000810826445783424,-0.0008593998143612603,-0.0009092696943025986,-0.0009604258228370076,-0.0010128579374444283,-0.001066555775854298,-0.0011215090760446458,-0.0011777075762411718,-0.0012351410149162966,-0.0012937991307881876,-0.001353671662819766,-0.0014147483502176812,-0.001477018932431274,-0.0015404731491515022,-0.0016051007403098613,-0.0016708914460772572,-0.0017378350068628784,-0.0018059211633130348,-0.0018751396563099778,-0.0019454802269706873,-0.002016932616645658,-0.002089486566917629,-0.002163131819600329,-0.0022378581167371726,-0.002313655200599944,-0.00239051281368746,-0.0024684206987242007,-0.0025473685986589396,-0.00262734625666333,-0.0027083434161304745,-0.002790349820673496,-0.0028733552141240464,-0.0029573493405308277,-0.003042321944158091,-0.00312826276948408,-0.0032151615611995072,-0.003303008064205954,-0.0033917920236142987,-0.003481503184743092,-0.0035721312931169275,-0.0036636660944647944,-0.003756097334718383,-0.003849414760010415,-0.0039436081166729225,-0.004038667151235516,-0.004134581610423646,-0.004231341241156804,-0.004328935790546768,-0.004427355005895781,-0.004526588634694727,-0.004626626424621286,-0.004727458123538069,-0.004829073479490758,-0.004931462240706193,-0.005034614155590458,-0.005138518972726955,-0.005243166440874443,-0.005348546308965097,-0.00545464832610251,-0.005561462241559689,-0.005668977804777063,-0.0057771847653604125,-0.005886072873078871,-0.005995631877862816,-0.0061058515298018185,-0.006216721579142553,-0.006328231776286659,-0.006440371871788653,-0.006553131616353758,-0.006666500760835768,-0.006780469056234889,-0.00689502625369552,-0.007010162104504114,-0.00712586636008691,-0.007242128772007745,-0.0073589390919658205,-0.007476287071793426,-0.007594162463453713,-0.00771255501903838,-0.007831454490765423,-0.007950850630976813,-0.008070733192136182,-0.008191091926826521,-0.00831191658774783,-0.008433196927714775,-0.008554922699654341,-0.008677083656603428,-0.008799669551706532,-0.008922670138213311,-0.00904607516947618,-0.009169874398947963,-0.009294057580179404,-0.009418614466816768,-0.009543534812599407,-0.009668808371357331,-0.009794424897008713,-0.009920374143557436,-0.010046645865090657,-0.010173229815776274,-0.010300115749860467,-0.010427293421665242,-0.01055475258558584,-0.01068248299608831,-0.010810474407706933,-0.010938716575041777,-0.01106719925275627,-0.011195912195574751,-0.0113248451582804,-0.011453987895713317,-0.011583330162769115,-0.011712861714397428,-0.011842572305598483,-0.011972451691411472,-0.012102489626877284,-0.01223267586693433,-0.012363000166157496,-0.012493452278166643,-0.012624021954418705,-0.012754698942041917,-0.01288547298070897,-0.013016333800298022,-0.013147271126962738,-0.013278274721774374,-0.013409334517890927,-0.013540441018255304,-0.013671586310046778,-0.013802766330924377,-0.013933984600619065,-0.013999593735466408
0.0,-4.852217779077222e-07,-2.755977000114589e-06,-6.299208361583203e-06,-1.128775534408155e-05,-1.7819124726264273e-05,-2.592720319451201e-05,-3.5616583013190675e-05,-4.688079081676688e-05,-5.97098731661892e-05,-7.409310126104863e-05,-9.00197641651151e-05,-0.00010747931349751955,-0.0001264613327856901,-0.00014695548431402843,-0.00016895147070657282,-0.0001924390131156207,-0.00021740784043655322,-0.0002438476845254722,-0.0002717482782976829,-0.0003010993550690706,-0.00033189064837629454,-0.000364111891955146,-0.00039775281975763544,-0.0004328031659704929,-0.0004692526650271741,-0.0005070910516141139,-0.0005463080606733983,-0.0005868934274035497,-0.000628836887259412,-0.0006721281759516497,-0.0007167570294460888,-0.0007627131839629852,-0.0008099863759762598,-0.0008585663422127133,-0.0009084428196512211,-0.0009596055455219,-0.0010120442573052547,-0.0010657486927313008,-0.001120708589778662,-0.0011769136866736482,-0.0012343537218893052,-0.0012930184341444413,-0.001352897562402632,-0.0014139808458711975,-0.0014762580240001645,-0.0015397188364811923,-0.0016043530232464902,-0.0016701503244676962,-0.0017371004805547424,-0.001805193232154699,-0.001874418320150593,-0.0019447654856601933,-0.002016224470034797,-0.0020887850148579618,-0.002162436861944248,-0.002237169753337918,-0.0023129734313116165,-0.002389837638365034,-0.00246775211722354,-0.0025467066108368105,-0.0026266908623774165,-0.0027076946152393903,-0.002789707613036798,-0.002872719599602249,-0.0029567203189854157,-0.003041699515451535,-0.0031276469334798494,-0.003214552317762079,-0.003302405413200829,-0.0033911959649080164,-0.003480913718203242,-0.0035715484186121605,-0.0036630898118648354,-0.0037555276438940464,-0.003848851660833615,-0.003943051609016686,-0.004038117234973995,-0.004134038285432128,-0.004230804507311728,-0.0043284056477257285,-0.004426831453977553,-0.004526071673559264,-0.0046261160541497415,-0.0047269543436128,-0.004828576289995343,-0.0049309716415254405,-0.005034130146610415,-0.005138041553834925,-0.005242695611958989,-0.005348082069916055,-0.005454190676811007,-0.0055610111819181405,-0.005668533334679193,-0.005776746884701257,-0.005885641581754795,-0.005995207175771521,-0.00610543341684235,-0.006216310055215313,-0.006327826841293411,-0.006439973525632535,-0.0065527398589392966,-0.006666115592068885,-0.0067800904760229016,-0.006894654261947154,-0.007009796701129522,-0.007125507544997671,-0.007241776545116877,-0.007358593453187784,-0.007475948021044134,-0.00759383000065054,-0.007712229144100177,-0.007831135203612515,-0.00795053793153101,-0.008070427080320783,-0.008190792402566328,-0.008311623650969152,-0.008432910578345443,-0.0085546429376237,-0.00867681048184235,-0.008799402964147426,-0.00892241013779013,-0.009045821756124426,-0.00916962757260469,-0.009293817340783222,-0.009418380814307861,-0.009543307746919525,-0.009668587892449804,-0.009794211004818457,-0.009920166838030948,-0.01004644514617603,-0.0101730356834232,-0.010299928204020254,-0.010427112462290791,-0.01055457821263167,-0.010682315209510556,-0.010810313207463356,-0.010938561961091772,-0.011067051225060822,-0.011195770754096425,-0.01132471030298323,-0.01145385962656255,-0.011583208479730711,-0.011712746617437132,-0.011842463794680517,-0.011972349766497558,-0.012102394287929105,-0.012232587113929065,-0.012362917999141756,-0.012493376697408564,-0.0126239529607862,-0.012754636537853248,-0.012885417171462955,-0.013016284597767425,-0.013147228553548452,-0.0132782388126248,-0.01340930530359809,-0.013540418421309132,-0.013671569717292888,-0.013802753057948845,-0.013933965347963026,-0.013999571492970117
0.0,-3.3828761145062675e-08,-1.9643204740236033e-06,-5.424802661207859e-06,-1.0408437416947604e-05,-1.6951165667140255e-05,-2.5070988394062914e-05,-3.4769826657558255e-05,-4.60416219290498e-05,-5.887718564157448e-05,-7.326633194441537e-05,-8.919865512044393e-05,-0.00010666375766317435,-0.0001256512905247409,-0.00014615094323042072,-0.00016815242811217814,-0.00019164546914063305,-0.00021661979567223825,-0.0002430651393952738,-0.0002709712329923973,-0.00030032780961650293,-0.0003311246027128595,-0.0003633513459725014,-0.0003969977733278683,-0.00043205361895814494,-0.0004685086172944094,-0.0005063525030227044,-0.0005455750110853813,-0.0005861658766813943,-0.0006281148352660342,-0.0006714116225503968,-0.0007160459745007287,-0.0007620076273377029,-0.0008092863175356643,-0.0008578717818218462,-0.0009077537571755683,-0.0009589219808274042,-0.001011366190258328,-0.0010650761231988377,-0.0011200415176280524,-0.0011762521117727896,-0.0012336976441066157,-0.0012923678533488735,-0.001352252478463684,-0.0014133412586589257,-0.001475623933385197,-0.0015390902423347412,-0.0016037299254403634,-0.0016695327228743102,-0.0017364883750471342,-0.0018045866226065392,-0.0018738172064361974,-0.001944169867654536,-0.0020156343476135205,-0.0020882003878973905,-0.0021618577303213994,-0.002236596116930515,-0.0023124052899980993,-0.002389274992024572,-0.0024671949657360435,-0.0025461549540829404,-0.0026261447002385962,-0.0027071539475978226,-0.0027891724397754703,-0.002872189920604945,-0.002956196134136728,-0.0030411808246368767,-0.0031271337365854674,-0.0032140446146750592,-0.003301903203809111,-0.0033906992491004044,-0.003480422495869413,-0.003571062689642679,-0.0036626095761511613,-0.0037550529013285444,-0.003848382411309568,-0.0039425878524283016,-0.004037658971216421,-0.0041335855144014584,-0.004230357228905012,-0.0043279638618409855,-0.004426395160513776,-0.004525640872416438,-0.004625690745228844,-0.004726534526815816,-0.004828161965225275,-0.0049305628086863075,-0.00503372680560728,-0.005137643704573889,-0.005242303254347205,-0.005347695203861744,-0.005453809302223449,-0.005560635298707706,-0.005668162942757335,-0.005776381983980521,-0.0058852821721488355,-0.005994853257195102,-0.006105084989211363,-0.006215967118446774,-0.0063274893953054745,-0.006439641570344497,-0.006552413394271609,-0.006665794617943164,-0.006779774992361927,-0.006894344268674885,-0.0070094921981710915,-0.007125208532279412,-0.007241483022566318,-0.007358305420733656,-0.0074756654786163786,-0.007593552948180317,-0.007711957581519871,-0.007830869130855744,-0.007950277348532627,-0.00807017198701689,-0.008190542798894264,-0.008311379536867527,-0.00843267195375412,-0.008554409802483814,-0.00867658283609631,-0.008799180807738912,-0.00892219347066411,-0.009045610578227167,-0.009169421883883748,-0.00929361714118745,-0.009418186103787416,-0.009543118525425878,-0.009668404159935737,-0.009794032761238075,-0.009919994083339682,-0.010046277880330624,-0.010172873906381741,-0.01029977191574217,-0.010426961662736847,-0.010554432901763977,-0.010682175387292566,-0.010810178873859889,-0.010938433116068996,-0.011066927868586223,-0.011195652886138718,-0.011324597923512135,-0.01145375273554824,-0.011583107077142664,-0.011712650703242067,-0.011842373368839285,-0.011972264828962405,-0.012102314838647679,-0.012232513152875511,-0.012362849526429067,-0.012493313713611245,-0.012623895467750472,-0.01275458454052639,-0.012885370681608747,-0.013016243640558733,-0.013147193176748858,-0.013278209091506801,-0.013409281311554404,-0.013540400066152728,-0.013671556159010898,-0.013802741046024986,-0.01393394546644774,-0.013999547676659117
0.0,2.756962076556741e-07,-1.3625282991663591e-06,-4.7296779020448795e-06,-9.699734040033468e-06,-1.6251166954343597e-05,-2.4382317975276336e-05,-3.409044257627762e-05,-4.5369361011959746e-05,-5.821065006687826e-05,-7.260477545161287e-05,-8.854172538016199e-05,-0.00010601130502420472,-0.00012500325833841316,-0.00014550731324208552,-0.00016751319607778863,-0.00019101063504785737,-0.0002159893603095042,-0.00024243910339018774,-0.0002703495966787644,-0.00029971057311222566,-0.00033051176601192237,-0.00036274290900714835,-0.00039639373600286085,-0.00043145398116736333,-0.0004679133789280836,-0.0005057616639702342,-0.0005449885712362895,-0.0005855838359255752,-0.0006275371934937795,-0.0006708383796523724,-0.000715477130367952,-0.0007614431818615336,-0.0008087262706078043,-0.0008573161333343454,-0.0009072025070208322,-0.0009583751288982036,-0.00101082373644781,-0.0010645380674005336,-0.0011195078597358915,-0.001175722851681106,-0.0012331727817101606,-0.0012918473885428256,-0.001351736411143658,-0.001412829588720983,-0.0014751166607258565,-0.0015385873668509885,-0.001603231447029661,-0.0016690386414346067,-0.0017359986904768767,-0.0018041013348046788,-0.001873336315302203,-0.0019436933730884022,-0.002015162249515777,-0.002087732686169112,-0.002161394424864216,-0.00223613720764662,-0.0023119507767902603,-0.0023888248747961395,-0.0024667492443909604,-0.0025457136285257508,-0.0026257077703744545,-0.002706721413332505,-0.00278874430101538,-0.0028717661772571243,-0.002955776786108867,-0.0030407658718373197,-0.0031267231789232266,-0.0032136384520598162,-0.003301501436151232,-0.003390301876310947,-0.003480029517860132,-0.003570674106326041,-0.0036622253874403457,-0.003754673107137459,-0.0038480070115528508,-0.003942216847021332,-0.004037292360075331,-0.0041332232974431345,-0.004229999406047109,-0.004327610433001931,-0.004426046125612778,-0.004525296231373494,-0.00462535049796475,-0.0047261986732521745,-0.004827830505284496,-0.00493023574229162,-0.005033404132682747,-0.005137325425044402,-0.005241989368138501,-0.0053473857109004085,-0.0054535042024369184,-0.0055603345920242865,-0.005667866629106201,-0.005776090063291721,-0.005884994644353303,-0.005994570122224659,-0.006104806246998732,-0.006215692768925579,-0.0063272194384102485,-0.00643937600601069,-0.00655215222243559,-0.006665537838542238,-0.006779522605334324,-0.006894096273959785,-0.00700924859570861,-0.0071249693220106205,-0.007241248204433253,-0.007358074994679309,-0.007475439444584714,-0.00759333130611627,-0.007711740331369358,-0.007830656272565665,-0.007950068882050874,-0.00806996791229235,-0.008190343115876828,-0.00831118424550808,-0.008432481054004563,-0.008554223294297059,-0.008676400719426294,-0.008799003082540589,-0.008922020136893458,-0.009045441635841204,-0.009169257332840524,-0.009293456981446064,-0.009418030335307994,-0.0095429671481696,-0.009668257173864839,-0.00979389016631584,-0.009919855879530464,-0.010046144067599828,-0.01017274448469584,-0.010299646885068712,-0.010426841023044447,-0.010554316653022333,-0.010682063529472454,-0.01081007140693317,-0.010938330040008609,-0.011066829183366132,-0.011195558591733804,-0.011324508019897836,-0.01145366722269982,-0.01158302595503366,-0.01171257397184152,-0.011842301028107783,-0.011972196878849109,-0.01210225127909784,-0.012232453983877418,-0.012362794748176373,-0.012493263326958251,-0.012623849475333387,-0.012754542949243525,-0.012885333507524578,-0.013016210917249403,-0.013147164965966166,-0.013278185486008296,-0.01340926239219808,-0.013540385704598012,-0.013671545410537075,-0.0138027306708903,-0.01393392709468643,-0.013999525306584493
0.0,4.836618103740099e-07,-9.301575761293081e-07,-4.213304594488698e-06,-9.166187917765699e-06,-1.572289639640914e-05,-2.3863377293394662e-05,-3.3579504281808726e-05,-4.486447731142448e-05,-5.7710449855444706e-05,-7.21084939597191e-05,-8.804899127626068e-05,-0.00010552195714217156,-0.0001245172343675948,-0.0001450245925174819,-0.00016703377346965274,-0.0001905345102862602,-0.00021551653415073023,-0.00024196957649538057,-0.00026988336942616094,-0.00029924764566041396,-0.00033005213839026805,-0.0003622865811795338,-0.0003959407079035585,-0.00043100425271868866,-0.00046746695004819277,-0.0005053185345762112,-0.0005445487412452134,-0.00058514730525481,-0.000627103962061013,-0.0006704084473755919,-0.0007150504971654202,-0.0007610198476517763,-0.0008083062353096055,-0.0008568993968667523,-0.0009067890693031591,-0.0009579649898500374,-0.0010104168959890213,-0.001064134525451281,-0.001119107616216631,-0.001175325906512599,-0.001232779134813479,-0.001291457039839364,-0.0013513493605551354,-0.0014124458361694568,-0.0014747362061337246,-0.0015382102101409983,-0.0016028575881249208,-0.001668668080258586,-0.00173563142695342,-0.0018037373688580102,-0.0018729756468569307,-0.001943336002069534,-0.0020148081758487174,-0.002087381909779677,-0.002161046945678638,-0.0022357930255915504,-0.002311609891792786,-0.002388487286783781,-0.002466414953291684,-0.002545382634267974,-0.0026253800728870498,-0.0027063970125448156,-0.002788423196857215,-0.002871448369658775,-0.002955462275001111,-0.0030404546571514202,-0.003126415260590953,-0.003213333830013437,-0.0033012001103235305,-0.003390003846635226,-0.0034797347842702125,-0.0035703826687562843,-0.0036619372458256416,-0.003754388261413246,-0.0038477254616551184,-0.003941938592886622,-0.004037017401640749,-0.00413295163464635,-0.004229731038826375,-0.004327345361296076,-0.0044257843493612095,-0.004525037750516224,-0.0046250953124423785,-0.004725946783005912,-0.00482758191025616,-0.0049299904424236355,-0.005033162127918169,-0.005137086715326905,-0.005241753953412398,-0.005347153591110644,-0.005453275377529072,-0.0055601090619446,-0.005667644393801555,-0.005775871122709666,-0.005884778998442044,-0.0059943577709330636,-0.006104597190276355,-0.006215487006722639,-0.006327016970677654,-0.006439176832700036,-0.006551956343499156,-0.00666534525393301,-0.006779333315005979,-0.006893910277866712,-0.007009065893805905,-0.007124789914254089,-0.007241072090779431,-0.0073579021750854404,-0.007475269919008782,-0.007593165074516982,-0.007711577393706151,-0.007830496628798724,-0.00794991253214112,-0.008069814856201453,-0.008190193353567212,-0.008311037776942908,-0.008432337879147773,-0.008554083413113336,-0.00867626413188109,-0.00879886978860013,-0.008921890136524727,-0.009045314929011977,-0.009169133919519339,-0.009293336861602238,-0.00941791350891164,-0.009542853615191596,-0.009668146934276874,-0.009793783220090379,-0.009919752226640766,-0.010046043708019963,-0.010172647418400651,-0.010299553112033878,-0.010426750543246424,-0.0105542294664384,-0.010681979636080705,-0.010809990806712497,-0.010938252732938724,-0.011066755169427482,-0.01119548787090746,-0.011324440592165126,-0.011453603088041503,-0.01158296511342835,-0.011712516423262825,-0.011842246772520456,-0.011972145916206774,-0.012102203609353079,-0.012232409607035966,-0.012362753664477493,-0.012493225537369413,-0.012623814982746508,-0.012754511761069839,-0.012885305640695701,-0.013016186406386852,-0.013147143872897863,-0.01327816789929877,-0.013409248379196005,-0.013540375120355363,-0.01367153736891778,-0.013802722388121351,-0.013933911902477305,-0.01399950665965528
0.0,6.12414436121024e-07,-6.508457325978014e-07,-3.872101797964895e-06,-8.809940644490759e-06,-1.536921949572744e-05,-2.3516177900186197e-05,-3.323812620256803e-05,-4.452750435619429e-05,-5.737681152848869e-05,-7.177757212724895e-05,-8.772047921905138e-05,-0.00010519571953678345,-0.00012419321807170353,-0.00014470277954226323,-0.00016671415915063382,-0.00019021709422889513,-0.00021520131692436933,-0.00024165655863801161,-0.0002695725512589685,-0.00029893902732808323,-0.00032974571993157697,-0.0003619823625788929,-0.0003956386891205135,-0.00043070443370261035,-0.00046716933074483346,-0.0005050231149303319,-0.0005442555212015049,-0.0005848562847581518,-0.0006268151410565124,-0.0006701218258085659,-0.0007147660749813766,-0.000760737624796401,-0.0008080262117287584,-0.0008566215725064692,-0.0009065134441096536,-0.0009576915637697067,-0.0010101456689684497,-0.0010638654974372453,-0.0011188407871561066,-0.0011750612763527645,-0.0012325167035017214,-0.0012911968073232832,-0.001351091326782549,-0.0014121900010884074,-0.0014744825696924823,-0.0015379587722880658,-0.0016026083488090408,-0.0016684210394287435,-0.0017353865845588482,-0.0018034947248481965,-0.0018727352011816197,-0.001943097754678734,-0.0020145721266927024,-0.0020871480588089946,-0.002160815292844115,-0.0022355635708442927,-0.0023113826350841886,-0.0023882622280655273,-0.0024661920925157558,-0.002545161971386655,-0.002625161607852926,-0.002706180745310786,-0.002788209127376489,-0.002871236497884885,-0.0029552526008879113,-0.0030402471806530934,-0.0031262099816620134,-0.0032131307486087347,-0.003300999226398259,-0.003389805160144922,-0.0034795382951707653,-0.0035701883770039348,-0.0036617451513769874,-0.0037541983642252505,-0.0038475377616851085,-0.003941753090092299,-0.004036834095980189,-0.004132770526078001,-0.004229552127309074,-0.004327168646789046,-0.004425609831824063,-0.00452486542990897,-0.004624925188725419,-0.004725778856140057,-0.004827416180202625,-0.004929826909144043,-0.005033000791374558,-0.005136927575481729,-0.005241597010228531,-0.005346998844551388,-0.005453122827558155,-0.0055599587085261816,-0.005667496236900226,-0.005775725162290462,-0.005884635234470436,-0.005994216203374973,-0.006104457819098151,-0.006215349831891137,-0.006326881992160128,-0.006439044050464216,-0.00655182575751324,-0.00666521686416565,-0.0067792071214263,-0.006893786280444307,-0.00700894409251084,-0.007124670309056911,-0.00724095468165116,-0.007357786961997576,-0.007475156901933313,-0.007593054253426379,-0.007711468768573385,-0.007830390199597251,-0.007949808298844886,-0.008069712818784906,-0.008190093512005303,-0.008310940131211088,-0.008432242429222001,-0.008553990158970062,-0.008676173073497292,-0.008798780925953294,-0.008921803469592846,-0.009045230457773567,-0.00916905164395342,-0.009293256781688365,-0.009417835624629884,-0.009542777926522554,-0.009668073441201663,-0.009793711922590646,-0.009919683124698693,-0.010045976801618253,-0.01017258270752255,-0.01029949059666316,-0.010426690223367396,-0.010554171342035923,-0.01068192370714017,-0.010809937073219849,-0.010938201194880422,-0.011066705826790485,-0.011195440723679093,-0.011324395640332779,-0.01145356033159197,-0.011582924552346493,-0.011712478057529294,-0.01184221060210869,-0.011972111941081687,-0.012102171829480738,-0.01223238002243143,-0.012362726275359684,-0.01249320034457936,-0.012623791988744953,-0.012754490972069344,-0.012885287070688773,-0.013016170083513565,-0.013147129846286302,-0.013278156236724894,-0.013409239126135836,-0.01354036815130255,-0.01367153200386698,-0.013802716610632416,-0.013933901111014817,-0.013999493361206016
0.0,6.74095947175217e-07,-5.138252470826364e-07,-3.702525766751237e-06,-8.631735791577525e-06,-1.5191951544169623e-05,-2.334219446243161e-05,-3.3067194842265884e-05,-4.435889111151981e-05,-5.7209934605545584e-05,-7.161208806019174e-05,-8.755621523721373e-05,-0.00010503259863813186,-0.00012403120973083308,-0.00014454187330167434,-0.00016655435223195163,-0.00019005838634890296,-0.00021504370838352086,-0.00024150004973554203,-0.00026941714217782066,-0.0002987847181534567,-0.00032959251068928125,-0.0003618302532640053,-0.00039548767971396,-0.0004305545241794809,-0.00046702052107811865,-0.0005048754050924289,-0.0005441089111647511,-0.0005847107744949774,-0.0006266707305394646,-0.0006699785150103013,-0.0007146238638746485,-0.0007605965133540526,-0.0008078861999237212,-0.0008564826603117616,-0.0009063756314983846,-0.000957554850715076,-0.0010100100554437505,-0.001063730983415868,-0.0011187073726115395,-0.0011749289612585985,-0.0012323854878316521,-0.0012910666910511113,-0.0013509623098821853,-0.0014120620835338733,-0.0014743557514579147,-0.0015378330533477192,-0.0016024837291372857,-0.0016682975190000745,-0.0017352641633478828,-0.0018033734028296805,-0.001872614978330426,-0.0019429786309698677,-0.002014454102101303,-0.0020870311333103363,-0.002160699466413612,-0.002235448843457501,-0.0023112690067168054,-0.0023881496986933965,-0.0024660806621148697,-0.002545051639933155,-0.002625052375323109,-0.0027060726116810998,-0.002788102092623542,-0.0028711305619854416,-0.002955147763818904,-0.003040143442391613,-0.003126107342185316,-0.003213029207894249,-0.0033008987844235817,-0.003389705816887823,-0.0034794400506091925,-0.003570091231116007,-0.0036616491041410065,-0.003754103415619696,-0.0038474439116886476,-0.003941660338683784,-0.004036742443138656,-0.004132679971782679,-0.00422946267153938,-0.004327080289524594,-0.0044255225730446615,-0.0045247792695946205,-0.004624840126856327,-0.004725694892696627,-0.004827333315165464,-0.004929745142493969,-0.005032920123092585,-0.0051368480055490875,-0.00524151853862666,-0.005346921471261936,-0.0054530465525629915,-0.005559883531807385,-0.005667422158440093,-0.005775652182071509,-0.005884563352475403,-0.005994145419586821,-0.006104388133500063,-0.006215281244466524,-0.006326814502892627,-0.0064389776593376915,-0.006551760464511795,-0.006665152669273609,-0.006779144024628228,-0.006893724281725,-0.007008883191855331,-0.007124610506450474,-0.007240895977079306,-0.007357729355446058,-0.0074751003933881234,-0.007592998842873752,-0.007711414455999814,-0.00783033698498946,-0.00794975618218985,-0.008069661800069848,-0.008190043591217699,-0.008310891308338668,-0.008432194704252738,-0.008553943531892191,-0.008676127544299295,-0.008798736494623911,-0.00892176013612109,-0.009045188222148682,-0.009169010506164922,-0.009293216741726028,-0.009417796682483746,-0.009542740082182921,-0.00966803669465909,-0.009793676273835955,-0.009919648573722972,-0.010045943348412857,-0.01017255035207911,-0.010299459338973551,-0.010426660063423783,-0.010554142279830725,-0.010681895742666092,-0.010809910206469863,-0.010938175425847758,-0.011066681155468617,-0.011195417150061664,-0.011324373164413424,-0.011453538953363967,-0.011582904271801973,-0.011712458874658006,-0.011842192516896362,-0.011972094953509486,-0.012102155939531201,-0.012232365230116464,-0.012362712580809926,-0.012493187748283136,-0.012623780492113696,-0.012754480578634913,-0.012885277788337278,-0.013016161927942952,-0.013147122844519016,-0.013278150425161915,-0.013409234527123027,-0.01354036469235271,-0.013671529317505357,-0.013802713642154492,-0.013933895518281466,-0.013999486456344953
0.0,6.740959471751923e-07,-5.13825247082881e-07,-3.7025257667517136e-06,-8.631735791578144e-06,-1.5191951544170307e-05,-2.3342194462432303e-05,-3.306719484226655e-05,-4.4358891111520434e-05,-5.720993460554621e-05,-7.161208806019234e-05,-8.75562152372143e-05,-0.00010503259863813243,-0.00012403120973083375,-0.00014454187330167496,-0.00016655435223195236,-0.0001900583863489037,-0.00021504370838352149,-0.00024150004973554252,-0.0002694171421778212,-0.0002987847181534573,-0.00032959251068928185,-0.0003618302532640059,-0.00039548767971396055,-0.00043055452417948143,-0.0004670205210781192,-0.0005048754050924294,-0.0005441089111647516,-0.0005847107744949778,-0.000626670730539465,-0.000669978515010302,-0.0007146238638746491,-0.0007605965133540532,-0.0008078861999237217,-0.0008564826603117623,-0.0009063756314983851,-0.0009575548507150769,-0.001010010055443751,-0.0010637309834158686,-0.0011187073726115402,-0.0011749289612585994,-0.0012323854878316534,-0.0012910666910511117,-0.001350962309882186,-0.001412062083533874,-0.0014743557514579155,-0.001537833053347721,-0.0016024837291372862,-0.001668297519000075,-0.0017352641633478832,-0.0018033734028296807,-0.0018726149783304274,-0.0019429786309698687,-0.0020144541021013037,-0.002087031133310337,-0.0021606994664136133,-0.0022354488434575027,-0.002311269006716806,-0.002388149698693397,-0.00246608066211487,-0.0025450516399331555,-0.0026250523753231104,-0.0027060726116811,-0.0027881020926235423,-0.0028711305619854425,-0.002955147763818904,-0.0030401434423916146,-0.0031261073421853165,-0.003213029207894249,-0.003300898784423582,-0.0033897058168878245,-0.0034794400506091947,-0.003570091231116008,-0.0036616491041410073,-0.0037541034156196966,-0.0038474439116886494,-0.0039416603386837855,-0.004036742443138657,-0.004132679971782681,-0.004229462671539382,-0.004327080289524595,-0.004425522573044664,-0.004524779269594621,-0.004624840126856328,-0.0047256948926966275,-0.004827333315165463,-0.004929745142493971,-0.005032920123092586,-0.005136848005549088,-0.005241518538626661,-0.005346921471261936,-0.005453046552562994,-0.005559883531807386,-0.005667422158440093,-0.005775652182071509,-0.005884563352475402,-0.005994145419586824,-0.006104388133500063,-0.006215281244466524,-0.006326814502892627,-0.006438977659337691,-0.006551760464511797,-0.006665152669273609,-0.006779144024628229,-0.006893724281725,-0.0070088831918553324,-0.007124610506450477,-0.007240895977079306,-0.007357729355446061,-0.0074751003933881234,-0.007592998842873753,-0.007711414455999816,-0.00783033698498946,-0.00794975618218985,-0.008069661800069846,-0.0081900435912177,-0.008310891308338671,-0.008432194704252738,-0.008553943531892193,-0.008676127544299295,-0.008798736494623911,-0.008921760136121093,-0.009045188222148682,-0.009169010506164922,-0.009293216741726028,-0.009417796682483746,-0.009542740082182925,-0.00966803669465909,-0.009793676273835955,-0.009919648573722972,-0.010045943348412857,-0.010172550352079115,-0.010299459338973551,-0.010426660063423783,-0.010554142279830724,-0.010681895742666094,-0.010809910206469861,-0.010938175425847758,-0.011066681155468619,-0.011195417150061664,-0.011324373164413424,-0.01145353895336397,-0.011582904271801977,-0.011712458874658008,-0.011842192516896364,-0.011972094953509482,-0.012102155939531203,-0.012232365230116466,-0.012362712580809924,-0.012493187748283138,-0.012623780492113695,-0.012754480578634908,-0.012885277788337281,-0.013016161927942948,-0.013147122844519014,-0.01327815042516191,-0.013409234527123027,-0.01354036469235271,-0.013671529317505355,-0.01380271364215449,-0.013933895518281466,-0.013999486456344953
0.0,6.124144361209492e-07,-6.508457325985506e-07,-3.872101797966336e-06,-8.809940644492627e-06,-1.5369219495729492e-05,-2.3516177900188263e-05,-3.3238126202570024e-05,-4.452750435619619e-05,-5.737681152849057e-05,-7.177757212725073e-05,-8.772047921905317e-05,-0.00010519571953678525,-0.00012419321807170548,-0.00014470277954226518,-0.00016671415915063588,-0.00019021709422889724,-0.0002152013169243712,-0.00024165655863801305,-0.00026957255125897015,-0.000298939027328085,-0.0003297457199315789,-0.0003619823625788947,-0.0003956386891205155,-0.000430704433702612,-0.0004671693307448352,-0.0005050231149303334,-0.0005442555212015064,-0.0005848562847581533,-0.0006268151410565133,-0.0006701218258085672,-0.0007147660749813785,-0.0007607376247964026,-0.0008080262117287604,-0.0008566215725064708,-0.0009065134441096555,-0.0009576915637697096,-0.0010101456689684514,-0.0010638654974372479,-0.0011188407871561084,-0.001175061276352766,-0.0012325167035017244,-0.0012911968073232847,-0.0013510913267825516,-0.0014121900010884091,-0.0014744825696924842,-0.0015379587722880702,-0.0016026083488090428,-0.0016684210394287454,-0.0017353865845588495,-0.0018034947248481985,-0.0018727352011816232,-0.0019430977546787361,-0.002014572126692705,-0.0020871480588089968,-0.002160815292844117,-0.0022355635708442966,-0.00231138263508419,-0.0023882622280655295,-0.0024661920925157575,-0.0025451619713866562,-0.00262516160785293,-0.002706180745310787,-0.002788209127376491,-0.0028712364978848853,-0.002955252600887914,-0.003040247180653099,-0.0031262099816620143,-0.003213130748608736,-0.00330099922639826,-0.0033898051601449234,-0.0034795382951707705,-0.0035701883770039382,-0.0036617451513769913,-0.0037541983642252513,-0.0038475377616851093,-0.0039417530900923035,-0.004036834095980192,-0.004132770526078005,-0.004229552127309077,-0.004327168646789049,-0.004425609831824071,-0.004524865429908974,-0.0046249251887254235,-0.00472577885614006,-0.004827416180202625,-0.004929826909144053,-0.005033000791374562,-0.005136927575481733,-0.005241597010228533,-0.0053469988445513875,-0.005453122827558161,-0.005559958708526185,-0.005667496236900229,-0.005775725162290461,-0.005884635234470435,-0.005994216203374979,-0.006104457819098151,-0.0062153498318911395,-0.00632688199216013,-0.006439044050464214,-0.006551825757513247,-0.006665216864165651,-0.006779207121426304,-0.006893786280444308,-0.007008944092510842,-0.007124670309056918,-0.007240954681651162,-0.007357786961997582,-0.007475156901933315,-0.007593054253426376,-0.0077114687685733915,-0.007830390199597251,-0.007949808298844887,-0.008069712818784904,-0.0081900935120053,-0.008310940131211093,-0.008432242429222,-0.008553990158970067,-0.008676173073497292,-0.00879878092595329,-0.008921803469592857,-0.009045230457773569,-0.009169051643953423,-0.009293256781688361,-0.009417835624629878,-0.009542777926522562,-0.009668073441201666,-0.00979371192259065,-0.009919683124698694,-0.010045976801618253,-0.010172582707522563,-0.01029949059666316,-0.0104266902233674,-0.010554171342035918,-0.010681923707140165,-0.010809937073219849,-0.010938201194880422,-0.011066705826790492,-0.011195440723679095,-0.011324395640332777,-0.01145356033159198,-0.011582924552346502,-0.011712478057529301,-0.011842210602108693,-0.011972111941081684,-0.012102171829480738,-0.01223238002243143,-0.012362726275359682,-0.01249320034457936,-0.012623791988744948,-0.012754490972069342,-0.012885287070688778,-0.013016170083513549,-0.013147129846286295,-0.01327815623672488,-0.013409239126135833,-0.013540368151302547,-0.013671532003866976,-0.013802716610632412,-0.013933901111014817,-0.013999493361206018
0.0,4.83661810373882e-07,-9.301575761306122e-07,-4.2133045944911464e-06,-9.166187917768833e-06,-1.572289639641255e-05,-2.3863377293398084e-05,-3.3579504281812046e-05,-4.486447731142762e-05,-5.771044985544777e-05,-7.210849395972204e-05,-8.804899127626365e-05,-0.00010552195714217454,-0.000124517234367598,-0.0001450245925174852,-0.00016703377346965608,-0.00019053451028626367,-0.0002155165341507333,-0.0002419695764953831,-0.00026988336942616355,-0.00029924764566041694,-0.0003300521383902714,-0.0003622865811795369,-0.0003959407079035616,-0.00043100425271869154,-0.00046746695004819554,-0.0005053185345762139,-0.000544548741245216,-0.0005851473052548127,-0.0006271039620610148,-0.000670408447375594,-0.000715050497165423,-0.0007610198476517789,-0.0008083062353096087,-0.0008568993968667553,-0.0009067890693031619,-0.0009579649898500418,-0.0010104168959890244,-0.0010641345254512847,-0.001119107616216634,-0.0011753259065126018,-0.0012327791348134838,-0.001291457039839367,-0.0013513493605551389,-0.0014124458361694599,-0.0014747362061337285,-0.0015382102101410043,-0.001602857588124924,-0.0016686680802585892,-0.0017356314269534221,-0.0018037373688580133,-0.001872975646856936,-0.0019433360020695383,-0.0020148081758487213,-0.0020873819097796805,-0.0021610469456786415,-0.0022357930255915565,-0.0023116098917927894,-0.002388487286783785,-0.0024664149532916866,-0.002545382634267977,-0.002625380072887055,-0.0027063970125448186,-0.002788423196857218,-0.002871448369658776,-0.002955462275001115,-0.003040454657151428,-0.0031264152605909564,-0.00321333383001344,-0.0033012001103235335,-0.0033900038466352284,-0.0034797347842702208,-0.0035703826687562908,-0.0036619372458256477,-0.003754388261413248,-0.003847725461655119,-0.003941938592886628,-0.004037017401640755,-0.004132951634646356,-0.004229731038826379,-0.0043273453612960805,-0.004425784349361222,-0.0045250377505162325,-0.004625095312442387,-0.004725946783005917,-0.004827581910256163,-0.004929990442423649,-0.005033162127918178,-0.005137086715326912,-0.005241753953412401,-0.005347153591110644,-0.005453275377529081,-0.005560109061944605,-0.0056676443938015585,-0.005775871122709667,-0.005884778998442041,-0.0059943577709330705,-0.006104597190276358,-0.006215487006722644,-0.0063270169706776585,-0.006439176832700034,-0.006551956343499167,-0.006665345253933011,-0.006779333315005983,-0.006893910277866714,-0.007009065893805906,-0.0071247899142541,-0.007241072090779437,-0.00735790217508545,-0.007475269919008786,-0.00759316507451698,-0.0077115773937061595,-0.00783049662879873,-0.007949912532141128,-0.008069814856201452,-0.008190193353567205,-0.008311037776942915,-0.008432337879147775,-0.00855408341311334,-0.008676264131881089,-0.008798869788600129,-0.00892189013652474,-0.009045314929011986,-0.009169133919519344,-0.009293336861602233,-0.009417913508911632,-0.009542853615191608,-0.009668146934276879,-0.009793783220090384,-0.009919752226640769,-0.010046043708019963,-0.010172647418400666,-0.01029955311203388,-0.010426750543246427,-0.010554229466438393,-0.010681979636080694,-0.0108099908067125,-0.010938252732938724,-0.011066755169427489,-0.011195487870907465,-0.011324440592165126,-0.011453603088041516,-0.011582965113428366,-0.011712516423262839,-0.011842246772520465,-0.011972145916206774,-0.012102203609353079,-0.012232409607035973,-0.01236275366447749,-0.012493225537369408,-0.012623814982746501,-0.012754511761069827,-0.0128853056406957,-0.01301618640638683,-0.01314714387289785,-0.013278167899298752,-0.013409248379195987,-0.013540375120355361,-0.01367153736891777,-0.013802722388121356,-0.01393391190247731,-0.013999506659655287
0.0,2.7569620765547985e-07,-1.36252829916831e-06,-4.729677902048401e-06,-9.699734040037881e-06,-1.625116695434835e-05,-2.43823179752811e-05,-3.409044257628224e-05,-4.5369361011964144e-05,-5.821065006688251e-05,-7.260477545161698e-05,-8.854172538016614e-05,-0.00010601130502420893,-0.00012500325833841758,-0.00014550731324209019,-0.0001675131960777933,-0.0001910106350478621,-0.00021598936030950845,-0.00024243910339019146,-0.0002703495966787681,-0.0002997105731122299,-0.0003305117660119271,-0.00036274290900715285,-0.00039639373600286503,-0.0004314539811673675,-0.00046791337892808794,-0.0005057616639702382,-0.0005449885712362934,-0.0005855838359255787,-0.000627537193493782,-0.0006708383796523752,-0.000715477130367956,-0.0007614431818615375,-0.0008087262706078083,-0.0008573161333343495,-0.0009072025070208364,-0.0009583751288982093,-0.0010108237364478145,-0.0010645380674005386,-0.0011195078597358956,-0.0011757228516811103,-0.001233172781710167,-0.0012918473885428303,-0.0013517364111436624,-0.0014128295887209882,-0.001475116660725862,-0.001538587366850996,-0.001603231447029666,-0.0016690386414346108,-0.0017359986904768802,-0.0018041013348046838,-0.0018733363153022097,-0.0019436933730884083,-0.0020151622495157818,-0.0020877326861691173,-0.0021613944248642216,-0.002236137207646628,-0.0023119507767902663,-0.002388824874796144,-0.0024667492443909643,-0.0025457136285257547,-0.0026257077703744605,-0.0027067214133325098,-0.002788744301015383,-0.0028717661772571265,-0.002955776786108874,-0.003040765871837329,-0.0031267231789232327,-0.00321363845205982,-0.003301501436151236,-0.003390301876310951,-0.0034800295178601414,-0.0035706741063260498,-0.0036622253874403527,-0.0037546731071374613,-0.003848007011552851,-0.00394221684702134,-0.00403729236007534,-0.00413322329744314,-0.004229999406047115,-0.004327610433001941,-0.004426046125612793,-0.004525296231373504,-0.0046253504979647565,-0.004726198673252182,-0.004827830505284505,-0.004930235742291638,-0.005033404132682758,-0.0051373254250444075,-0.005241989368138508,-0.005347385710900413,-0.00545350420243693,-0.005560334592024294,-0.005667866629106202,-0.0057760900632917245,-0.005884994644353302,-0.005994570122224665,-0.0061048062469987365,-0.006215692768925583,-0.0063272194384102545,-0.006439376006010692,-0.006552152222435603,-0.0066655378385422435,-0.006779522605334328,-0.00689409627395979,-0.0070092485957086136,-0.007124969322010631,-0.007241248204433261,-0.007358074994679316,-0.007475439444584722,-0.0075933313061162695,-0.0077117403313693685,-0.007830656272565673,-0.00795006888205088,-0.008069967912292348,-0.008190343115876825,-0.008311184245508087,-0.008432481054004569,-0.008554223294297062,-0.008676400719426294,-0.008799003082540589,-0.008922020136893468,-0.009045441635841214,-0.009169257332840531,-0.009293456981446058,-0.009418030335307987,-0.00954296714816961,-0.009668257173864847,-0.00979389016631585,-0.009919855879530466,-0.01004614406759983,-0.010172744484695856,-0.010299646885068717,-0.010426841023044447,-0.010554316653022325,-0.010682063529472442,-0.010810071406933174,-0.010938330040008609,-0.011066829183366133,-0.011195558591733809,-0.011324508019897837,-0.011453667222699835,-0.011583025955033677,-0.011712573971841536,-0.011842301028107804,-0.011972196878849109,-0.012102251279097842,-0.012232453983877423,-0.012362794748176368,-0.012493263326958244,-0.012623849475333375,-0.012754542949243513,-0.012885333507524573,-0.013016210917249376,-0.013147164965966147,-0.013278185486008271,-0.013409262392198053,-0.013540385704598005,-0.013671545410537065,-0.01380273067089031,-0.013933927094686433,-0.013999525306584496
0.0,-3.3828761145367746e-08,-1.9643204740263456e-06,-5.424802661212531e-06,-1.04084374169533e-05,-1.695116566714631e-05,-2.5070988394068992e-05,-3.476982665756413e-05,-4.604162192905541e-05,-5.8877185641579914e-05,-7.326633194442061e-05,-8.919865512044923e-05,-0.00010666375766317975,-0.00012565129052474657,-0.00014615094323042668,-0.00016815242811218402,-0.000191645469140639,-0.00021661979567224365,-0.00024306513939527876,-0.0002709712329924023,-0.00030032780961650825,-0.0003311246027128658,-0.00036335134597250714,-0.0003969977733278735,-0.00043205361895815026,-0.0004685086172944151,-0.0005063525030227096,-0.0005455750110853864,-0.0005861658766813987,-0.0006281148352660376,-0.0006714116225504006,-0.0007160459745007338,-0.0007620076273377082,-0.0008092863175356694,-0.0008578717818218517,-0.0009077537571755739,-0.0009589219808274115,-0.0010113661902583343,-0.001065076123198844,-0.0011200415176280583,-0.0011762521117727955,-0.0012336976441066235,-0.0012923678533488794,-0.0013522524784636896,-0.0014133412586589324,-0.0014756239333852043,-0.001539090242334751,-0.0016037299254403705,-0.0016695327228743154,-0.0017364883750471394,-0.0018045866226065457,-0.001873817206436206,-0.0019441698676545434,-0.0020156343476135266,-0.0020882003878973975,-0.002161857730321407,-0.0022365961169305256,-0.0023124052899981076,-0.0023892749920245778,-0.0024671949657360495,-0.002546154954082947,-0.0026261447002386036,-0.002707153947597829,-0.0027891724397754746,-0.002872189920604949,-0.0029561961341367364,-0.003041180824636888,-0.0031271337365854756,-0.0032140446146750644,-0.0033019032038091173,-0.003390699249100411,-0.003480422495869425,-0.0035710626896426905,-0.0036626095761511696,-0.003755052901328549,-0.003848382411309571,-0.003942587852428312,-0.0040376589712164315,-0.004133585514401465,-0.0042303572289050205,-0.004327963861840999,-0.0044263951605137955,-0.004525640872416451,-0.004625690745228853,-0.004726534526815828,-0.004828161965225289,-0.004930562808686328,-0.005033726805607294,-0.0051376437045738965,-0.005242303254347214,-0.005347695203861752,-0.005453809302223461,-0.005560635298707715,-0.005668162942757338,-0.005776381983980526,-0.005885282172148837,-0.005994853257195108,-0.006105084989211368,-0.006215967118446779,-0.006327489395305481,-0.006439641570344504,-0.006552413394271622,-0.0066657946179431715,-0.006779774992361932,-0.006894344268674893,-0.007009492198171098,-0.007125208532279419,-0.007241483022566326,-0.007358305420733664,-0.007475665478616388,-0.007593552948180319,-0.007711957581519881,-0.007830869130855752,-0.00795027734853263,-0.008070171987016888,-0.008190542798894264,-0.008311379536867535,-0.008432671953754127,-0.008554409802483816,-0.008676582836096316,-0.008799180807738916,-0.008922193470664119,-0.009045610578227175,-0.009169421883883751,-0.009293617141187451,-0.009418186103787413,-0.00954311852542589,-0.009668404159935749,-0.009794032761238084,-0.009919994083339684,-0.010046277880330629,-0.010172873906381757,-0.010299771915742177,-0.010426961662736848,-0.010554432901763972,-0.010682175387292554,-0.010810178873859896,-0.010938433116068997,-0.011066927868586223,-0.011195652886138729,-0.011324597923512135,-0.011453752735548257,-0.011583107077142683,-0.011712650703242086,-0.011842373368839311,-0.011972264828962402,-0.012102314838647682,-0.012232513152875516,-0.012362849526429062,-0.012493313713611238,-0.012623895467750453,-0.012754584540526371,-0.012885370681608737,-0.013016243640558707,-0.013147193176748834,-0.013278209091506765,-0.013409281311554371,-0.013540400066152715,-0.01367155615901089,-0.01380274104602499,-0.013933945466447748,-0.013999547676659129
0.0,-4.852217779082714e-07,-2.755977000118322e-06,-6.299208361589086e-06,-1.1287755344088492e-05,-1.7819124726271564e-05,-2.59272031945193e-05,-3.561658301319775e-05,-4.688079081677368e-05,-5.9709873166195794e-05,-7.409310126105498e-05,-9.001976416512155e-05,-0.00010747931349752616,-0.00012646133278569694,-0.0001469554843140356,-0.00016895147070657997,-0.00019243901311562792,-0.00021740784043655986,-0.0002438476845254784,-0.00027174827829768913,-0.00030109935506907704,-0.0003318906483763023,-0.000364111891955153,-0.0003977528197576419,-0.00043280316597049933,-0.00046925266502718114,-0.0005070910516141206,-0.0005463080606734048,-0.0005868934274035553,-0.0006288368872594165,-0.0006721281759516544,-0.0007167570294460952,-0.0007627131839629918,-0.0008099863759762661,-0.0008585663422127201,-0.0009084428196512283,-0.000959605545521909,-0.0010120442573052627,-0.0010657486927313083,-0.0011207085897786693,-0.0011769136866736558,-0.0012343537218893145,-0.0012930184341444489,-0.001352897562402639,-0.0014139808458712058,-0.0014762580240001736,-0.0015397188364812042,-0.0016043530232464991,-0.0016701503244677032,-0.001737100480554749,-0.0018051932321547072,-0.0018744183201506034,-0.0019447654856602024,-0.0020162244700348045,-0.0020887850148579704,-0.0021624368619442584,-0.002237169753337931,-0.0023129734313116265,-0.002389837638365041,-0.0024677521172235483,-0.00254670661083682,-0.0026266908623774256,-0.0027076946152393977,-0.0027897076130368043,-0.002872719599602255,-0.0029567203189854265,-0.0030416995154515483,-0.00312764693347986,-0.0032145523177620856,-0.003302405413200837,-0.003391195964908026,-0.003480913718203256,-0.0035715484186121735,-0.0036630898118648453,-0.003755527643894053,-0.0038488516608336204,-0.003943051609016698,-0.004038117234974007,-0.004134038285432137,-0.004230804507311738,-0.004328405647725745,-0.004426831453977575,-0.004526071673559279,-0.004626116054149752,-0.0047269543436128155,-0.004828576289995363,-0.004930971641525466,-0.0050341301466104325,-0.005138041553834935,-0.005242695611958999,-0.0053480820699160665,-0.00545419067681102,-0.005561011181918152,-0.005668533334679199,-0.005776746884701265,-0.005885641581754799,-0.0059952071757715265,-0.006105433416842358,-0.00621631005521532,-0.006327826841293421,-0.006439973525632549,-0.0065527398589393104,-0.006666115592068895,-0.006780090476022908,-0.006894654261947168,-0.0070097967011295325,-0.0071255075449976795,-0.0072417765451168875,-0.007358593453187796,-0.007475948021044148,-0.0075938300006505475,-0.007712229144100189,-0.007831135203612524,-0.007950537931531014,-0.008070427080320786,-0.008190792402566328,-0.008311623650969161,-0.00843291057834545,-0.008554642937623704,-0.008676810481842361,-0.008799402964147437,-0.008922410137790137,-0.009045821756124433,-0.009169627572604694,-0.009293817340783229,-0.009418380814307865,-0.009543307746919544,-0.009668587892449818,-0.009794211004818467,-0.009920166838030958,-0.01004644514617604,-0.01017303568342322,-0.010299928204020266,-0.010427112462290795,-0.01055457821263167,-0.010682315209510544,-0.010810313207463364,-0.010938561961091777,-0.011067051225060824,-0.011195770754096437,-0.011324710302983232,-0.01145385962656257,-0.011583208479730734,-0.011712746617437155,-0.011842463794680541,-0.011972349766497557,-0.012102394287929112,-0.012232587113929072,-0.012362917999141755,-0.012493376697408557,-0.012623952960786179,-0.012754636537853229,-0.012885417171462943,-0.013016284597767401,-0.013147228553548424,-0.013278238812624748,-0.013409305303598053,-0.01354041842130912,-0.013671569717292885,-0.013802753057948848,-0.013933965347963031,-0.013999571492970122
0.0,-1.1552622317369236e-06,-3.75301581744917e-06,-7.344982479133581e-06,-1.2330409654392037e-05,-1.885114328050386e-05,-2.694922162446294e-05,-3.663001785237781e-05,-4.7886620018596206e-05,-6.070863734834172e-05,-7.508506753964155e-05,-9.100505359839429e-05,-0.00010845797643461602,-0.00012743338813194966,-0.00014792093820425648,-0.00016991032465577614,-0.00019339126725140602,-0.00021835349462671124,-0.000244786738692596,-0.0002726807324619425,-0.0003020252093220544,-0.00033280990285044425,-0.0003650245468031197,-0.000398658875140943,-0.00043370262205397674,-0.0004701455219765971,-0.00050797730959521,-0.0005471877198515456,-0.000587766487943674,-0.0006297033493259668,-0.0006729880397086123,-0.0007176102950569548,-0.0007635598515907554,-0.0008108264457834317,-0.0008593998143612684,-0.0009092696943026071,-0.0009604258228370181,-0.0010128579374444379,-0.0010665557758543066,-0.001121509076044654,-0.0011777075762411805,-0.0012351410149163073,-0.0012937991307881967,-0.0013536716628197744,-0.0014147483502176905,-0.001477018932431284,-0.0015404731491515163,-0.0016051007403098717,-0.0016708914460772655,-0.0017378350068628862,-0.001805921163313044,-0.0018751396563099897,-0.0019454802269706982,-0.0020169326166456667,-0.0020894865669176393,-0.0021631318196003407,-0.0022378581167371873,-0.002313655200599956,-0.002390512813687468,-0.00246842069872421,-0.002547368598658949,-0.0026273462566633408,-0.0027083434161304836,-0.002790349820673503,-0.002873355214124053,-0.002957349340530838,-0.003042321944158106,-0.003128262769484092,-0.003215161561199515,-0.0033030080642059622,-0.0033917920236143087,-0.0034815031847431083,-0.0035721312931169423,-0.003663666094464805,-0.00375609733471839,-0.003849414760010421,-0.003943608116672936,-0.004038667151235529,-0.004134581610423655,-0.004231341241156816,-0.004328935790546784,-0.004427355005895806,-0.004526588634694744,-0.004626626424621298,-0.0047274581235380855,-0.00482907347949078,-0.0049314622407062225,-0.005034614155590478,-0.005138518972726967,-0.005243166440874454,-0.005348546308965108,-0.0054546483261025255,-0.005561462241559702,-0.00566897780477707,-0.0057771847653604195,-0.005886072873078875,-0.005995631877862821,-0.006105851529801828,-0.006216721579142561,-0.006328231776286671,-0.006440371871788668,-0.006553131616353768,-0.0066665007608357795,-0.006780469056234897,-0.006895026253695533,-0.007010162104504123,-0.007125866360086916,-0.007242128772007756,-0.0073589390919658335,-0.00747628707179344,-0.007594162463453721,-0.007712555019038389,-0.007831454490765433,-0.00795085063097682,-0.008070733192136186,-0.008191091926826521,-0.008311916587747832,-0.008433196927714782,-0.008554922699654346,-0.008677083656603439,-0.008799669551706541,-0.00892267013821332,-0.009046075169476189,-0.009169874398947968,-0.009294057580179411,-0.009418614466816773,-0.00954353481259943,-0.009668808371357347,-0.009794424897008724,-0.009920374143557448,-0.010046645865090667,-0.010173229815776293,-0.010300115749860481,-0.010427293421665245,-0.010554752585585839,-0.010682482996088297,-0.010810474407706936,-0.010938716575041788,-0.011067199252756274,-0.011195912195574762,-0.011324845158280401,-0.011453987895713332,-0.01158333016276914,-0.011712861714397452,-0.011842572305598506,-0.011972451691411465,-0.012102489626877289,-0.012232675866934339,-0.012363000166157496,-0.01249345227816663,-0.012624021954418675,-0.012754698942041887,-0.012885472980708957,-0.013016333800298,-0.013147271126962705,-0.013278274721774308,-0.01340933451789089,-0.01354044101825529,-0.013671586310046783,-0.013802766330924383,-0.013933984600619067,-0.01399959373546641
0.0,-2.2067131348097076e-06,-4.926120699351538e-06,-8.541920387800372e-06,-1.3528593948376953e-05,-2.0044882770584076e-05,-2.8136562045435278e-05,-3.781014860390127e-05,-4.905920419124329e-05,-6.187354965425995e-05,-7.624227092787071e-05,-9.215454276259188e-05,-0.00010959975472214981,-0.00012856745962321737,-0.0001490473057873794,-0.00017102899003884446,-0.00019450223137538943,-0.00021945675801722587,-0.000245882301676296,-0.0002737685952796963,-0.00030310537218161557,-0.00033388236594847543,-0.00036608931033333894,-0.00039971593929662906,-0.00043475198702846405,-0.00047118718796319083,-0.0005090112767870108,-0.0005482139884413097,-0.0005887850581237259,-0.0006307142212881455,-0.0006739912136442365,-0.0007186057711567982,-0.0007645476300450257,-0.0008118065267817521,-0.0008603721980926586,-0.000910234380955466,-0.0009613828125991042,-0.0010138072305028525,-0.0010674973723954757,-0.0011224429762543096,-0.0011786337803043434,-0.0012360595230172682,-0.0012947099431104999,-0.001354574779546199,-0.0014156437715302328,-0.0014779066585111408,-0.001541353180179066,-0.0016059730764646583,-0.0016717560875379805,-0.0017386919538073518,-0.0018067704159181956,-0.001875981214751858,-0.001946314091424394,-0.0020177587872853633,-0.0020903050439165546,-0.0021639426031307223,-0.0022386612069702936,-0.0023144505977060427,-0.0023913005178357693,-0.0024692007100829212,-0.0025481409173952153,-0.002628110882943236,-0.002709100350118995,-0.002791099062534518,-0.0028740967640203414,-0.002958083198624037,-0.0030430481106087028,-0.003128981244451411,-0.003215872344841701,-0.0033037111566799645,-0.003392487425075868,-0.0034821908953467386,-0.0035728113130159187,-0.003664338423811148,-0.003756761973662852,-0.0038500717087024696,-0.003944257375260739,-0.004039308719865943,-0.0041352154892422095,-0.004231967430307701,-0.004329554290172834,-0.0044279658161384865,-0.004527191755694137,-0.004627221856516094,-0.004728045866465563,-0.004829653533586795,-0.004932034606105195,-0.0050351788324253825,-0.005139075961129314,-0.005243715740974281,-0.005349087920890969,-0.005455182249981471,-0.005561988477517273,-0.005669496352937286,-0.005777695625845762,-0.00588657604601028,-0.005996127363359664,-0.006106339327981918,-0.006217201690122123,-0.006328704200180337,-0.006440836608709466,-0.00655358866641311,-0.006666950124143458,-0.006780910732899061,-0.006895460243822688,-0.007010588408199118,-0.00712628497745293,-0.007242539703146297,-0.00735934233697672,-0.007476682630774789,-0.007594550336501953,-0.007712935206248202,-0.007831826992229802,-0.007951215446786989,-0.008071090322381656,-0.008191441371595042,-0.008312258347125392,-0.00843353100178561,-0.008555249088500885,-0.008677402360306355,-0.00879998057034471,-0.00892297347186381,-0.00904637081821427,-0.009170162362847095,-0.009294337859311216,-0.009418887061251064,-0.009543799722404175,-0.009669065596598678,-0.009794674437750922,-0.009920615999862945,-0.010046880037020032,-0.010173456303388229,-0.010300334553211823,-0.010427504540810947,-0.010554956020578977,-0.010682678746980064,-0.01081066247454663,-0.010938896957876816,-0.011067371951632161,-0.011196077210535135,-0.011325002489367004,-0.011454137542965986,-0.01158347212622562,-0.011712995994093096,-0.011842698901565198,-0.011972570603675205,-0.01210260085545302,-0.012232779411816193,-0.012363096027303138,-0.012493540455479618,-0.012624102447751539,-0.012754771751295734,-0.012885538106237701,-0.013016391244127007,-0.013147320895999971,-0.013278316835772437,-0.013409369029457417,-0.013540468068891184,-0.01367160631983238,-0.013802780799894039,-0.013934000640885336,-0.013999610561380986
-1.4335617934899763e-06,-2.7324385863460997e-06,-5.512673140302722e-06,-9.140389342133768e-06,-1.412768609536941e-05,-2.0641752515624183e-05,-2.873023225592145e-05,-3.8400213979663e-05,-4.9645496277566835e-05,-6.245600580721907e-05,-7.682087262198529e-05,-9.272928734469068e-05,-0.0001101706438659167,-0.00012913449536885123,-0.0001496104895789409,-0.00017158832273037863,-0.00019505771343738117,-0.0002200083897124832,-0.000246430083168146,-0.00027431252668857315,-0.0003036454536113962,-0.000334418597497491,-0.00036662169209844856,-0.0004002444713744721,-0.0004352766695157077,-0.0004717080209564877,-0.0005095282603829112,-0.0005487271227361916,-0.0005892943432137518,-0.0006312196572692348,-0.0006744928006120486,-0.0007191035092067199,-0.0007650415192721608,-0.0008122965672809125,-0.0008608583899583537,-0.0009107167242818953,-0.0009618613074801473,-0.00101428187703206,-0.0010679681706660601,-0.0011229099263591375,-0.001179096882335925,-0.0012365187770677487,-0.0012951653492716513,-0.001355026337909411,-0.0014160914821865038,-0.001478350521551069,-0.001541793195692841,-0.0016064092445420516,-0.0016721884082683382,-0.0017391204272795848,-0.0018071950422207713,-0.0018764019939727923,-0.001946731023651242,-0.0020181718726052116,-0.002090714282416012,-0.0021643479948959127,-0.002239062752086847,-0.0023148482962590863,-0.0023916943699099197,-0.0024695907157622774,-0.0025485270767633484,-0.0026284931960831835,-0.0027094788171132503,-0.002791473683465026,-0.0028744675389684856,-0.0029584501276706367,-0.003043411193834001,-0.0031293404819350704,-0.0032162277366627936,-0.0033040627029169655,-0.003392835125806648,-0.0034825347506485535,-0.0035731513229654067,-0.003664674588484319,-0.003757094293135083,-0.0038504001830484934,-0.00394458200455464,-0.004039629504181149,-0.004135532428651487,-0.004232280524883143,-0.00432986353998586,-0.004428271221259827,-0.004527493316193834,-0.004627519572463492,-0.004728339737929301,-0.004829943560634802,-0.00493232078880468,-0.005035461170842834,-0.005139354455330487,-0.005243990391024195,-0.005349358726853899,-0.005455449211920944,-0.005562251595496058,-0.005669755627017393,-0.005777951056088432,-0.005886827632475982,-0.005996375106108084,-0.006106583227071963,-0.006217441745611903,-0.006328940412127171,-0.0064410689771698644,-0.006553817191442782,-0.006667174805797298,-0.006781131571231143,-0.006895677238886266,-0.007010801560046615,-0.007126494286135937,-0.007242745168715568,-0.0073595439594821635,-0.007476880410265464,-0.007594744273026069,-0.007713125299853109,-0.007832013242961986,-0.007951397854692073,-0.00807126888750439,-0.008191616093979302,-0.008312429226814171,-0.008433698038821023,-0.008555412282924155,-0.008677561712157812,-0.008800136079663795,-0.008923125138689054,-0.00904651864258331,-0.00917030634479666,-0.009294477998877119,-0.009419023358468209,-0.009543932177306546,-0.009669194209219342,-0.009794799208122021,-0.009920736928015695,-0.010046997122984715,-0.010173569547194197,-0.010300443954887493,-0.010427610100383797,-0.010555057738075548,-0.010682776622425949,-0.010810756507966476,-0.010938987149294331,-0.011067458301070105,-0.011196159718015321,-0.011325081154910304,-0.011454212366592312,-0.01158354310795386,-0.011713063133940918,-0.011842762199548544,-0.011972630059807074,-0.012102656469740888,-0.012232831184257121,-0.01236314395787596,-0.012493584544136113,-0.012624142694417969,-0.012754808155922658,-0.012885570669002073,-0.013016419966041512,-0.013147345780518602,-0.013278337892771504,-0.01340938628524068,-0.013540481594209132,-0.01367161632472518,-0.013802788034378866,-0.013934008661018474,-0.013999617795865815
