-1.1851633090961343e-06,-3.826450917633092e-06,-9.89525216834963e-06,-1.607661359883395e-05,-2.2357854418197817e-05,-2.868116460695426e-05,-3.5005656774906895e-05,-4.130854036607996e-05,-4.757854913175428e-05,-5.3810601563571446e-05,-6.0002604181296355e-05,-6.615378435937723e-05,-7.226390124392284e-05,-7.833290395519484e-05,-8.43607973966407e-05,-9.03475961126233e-05,-9.629331177360057e-05,-0.00010219795171996865,-0.00010806152020612187,-0.000113884019738358,-0.00011966545195782529,-0.00012540581812085604,-0.00013110511932953027,-0.00013676335663114088,-0.00014238053105646007,-0.00014795664363231032,-0.00015349169538456442,-0.00015898568733815655,-0.00016443862051646123,-0.00016985049594073388,-0.00017522131462972753,-0.00018055107759944378,-0.0001858397858629641,-0.0001910874404303229,-0.00019629404230840048,-0.00020145959250082263,-0.00020658409200786096,-0.00021166754182633788,-0.00021670994294952992,-0.00022171129636707233,-0.0002266716030648652,-0.00023159086402497553,-0.00023646908022554463,-0.00024130625264069184,-0.00024610238224042236,-0.00025085746999053277,-0.000255571516852518,-0.00026024452378347815,-0.0002648764917360252,-0.00026946742165819427,-0.00027401731449335035,-0.00027852617118009595,-0.0002829939926521815,-0.00028742077983841545,-0.00029180653366257353,-0.0002961512550433128,-0.0003004549448940798,-0.00030471760412302236,-0.000308939233632902,-0.0003131198343210101,-0.00031725940707907874,-0.00032135795279319274,-0.000325415472343708,-0.00032943196660516433,-0.0003334074364461995,-0.0003373418827294718,-0.00034123530631156905,-0.00034508770804293017,-0.000348899088767762,-0.0003526694493239571,-0.00035639879054301426,-0.0003600871132499586,-0.0003637344182632623,-0.00036734070639475906,-0.0003709059784495744,-0.0003744302352260443,-0.00037791347751563945,-0.000381355706102888,-0.00038475692176529705,-0.0003881171252732805,-0.00039143631739008817,-0.0003947144988717272,-0.000397951670466888,-0.00040114783291687563,-0.00040430298695553427,-0.00040741713330918355,-0.0004104902726965428,-0.00041352240582866173,-0.0004165135334088488,-0.0004194636561326127,-0.000422372774687593,-0.0004252408897534841,-0.00042806800200197837,-0.0004308541120966986,-0.00043359922069313673,-0.0004363033284385885,-0.0004389664359720854,-0.00044158854392434667,-0.00044416965291770364,-0.00044670976356604784,-0.00044920887647477577,-0.00045166699224071557,-0.00045408411145208356,-0.00045646023468842213,-0.00045879536252054675,-0.00046108949551048413,-0.0004633426342114217,-0.0004655547791676605,-0.0004677259309145514,-0.00046985608997845247,-0.00047194525687667323,-0.000473993432117424,-0.0004760006161997747,-0.00047796680961359163,-0.00047989201283950495,-0.00048177622634885974,-0.00048361945060366394,-0.00048542168605654945,-0.0004871829331507231,-0.0004889031923199282,-0.0004905824639884052,-0.0004922207485708464,-0.000493818046472358,-0.000495374358088413,-0.0004968896838048265,-0.0004983640239977097,-0.0004997973790334355,-0.0005011897492686081,-0.0005025411350500161,-0.0005038515367146096,-0.0005051209545894649,-0.000506349388991752,-0.0005075368402287129,-0.0005086833085976178,-0.0005097887943857519,-0.0005108532978703838,-0.000511876819318762,-0.0005128593589881136,-0.0005138009171256269,-0.0005147014939684174,-0.0005155610897433586,-0.0005163797046664578,-0.0005171573389410283,-0.0005178939927530741,-0.0005185896662607228,-0.0005192443595724794,-0.000519858072707843,-0.000520430805539385,-0.0005209625577446068,-0.000521453328893907,-0.0005219031190706617,-0.0005223119310778893,-0.0005226797767396861,-0.0005230066927008247,-0.0005232927761649284,-0.0005235382578248469,-0.0005237436321229572,-0.0005239098385900908,-0.0005240383422195233,-0.0005241304161492585,-0.0005241835395896422,-0.0005242038591165719
0.0,-3.303641961320509e-06,-9.110367867489506e-06,-1.4984187079216634e-05,-2.091145676204454e-05,-2.6856381656757967e-05,-3.279232677827414e-05,-3.870373228926801e-05,-4.45826395999081e-05,-5.0425368700736086e-05,-5.623037328296236e-05,-6.199707187334673e-05,-6.772527868728657e-05,-7.34149520162349e-05,-7.906609370789929e-05,-8.467871391272011e-05,-9.025282117704776e-05,-9.57884210508394e-05,-0.00010128551687235425,-0.00010674411070590329,-0.00011216420397788838,-0.00011754579782789746,-0.00012288889327905091,-0.00012819349131222313,-0.00013345959289492502,-0.00013868719899095414,-0.00014387631056278884,-0.00014902692857166758,-0.00015413905397714832,-0.00015921268773668923,-0.00016424783080535023,-0.00016924448413559021,-0.00017420264867712285,-0.00017912232537680293,-0.00018400351517852784,-0.00018884621902314408,-0.0001936504378483539,-0.0001984161725886263,-0.00020314342417510637,-0.00020783219353552577,-0.00021248248159411436,-0.00021709428927150901,-0.00022166761748466606,-0.0002262024671467718,-0.00023069883916715568,-0.00023515673445120188,-0.0002395761539002616,-0.00024395709841156654,-0.00024829956887814094,-0.00025260356618871837,-0.00025686909122765435,-0.00026109614487483993,-0.0002652847280056175,-0.00026943484149069655,-0.000273546486196069,-0.0002776196629829279,-0.0002816543727075818,-0.0002856506162213721,-0.00028960839437059094,-0.0002935277079964022,-0.00029740855793475816,-0.00030125094501631767,-0.0003050548700663681,-0.00030882033390474507,-0.00031254733734575174,-0.0003162358811980848,-0.00031988596626475143,-0.0003234975933429934,-0.0003270707632242101,-0.0003306054766938831,-0.00033410173453149916,-0.00033755953751047637,-0.00034097888639808923,-0.0003443597819553902,-0.00034770222493714245,-0.0003510062160917446,-0.0003542717561611591,-0.00035749884588084,-0.00036068748597966005,-0.0003638376771798423,-0.0003669494201968933,-0.0003700227157395306,-0.0003730575645096128,-0.000376053967202074,-0.0003790119245048559,-0.000381931437098845,-0.00038481250565780323,-0.00038765513084830245,-0.0003904593133296587,-0.0003932250537538748,-0.0003959523527655761,-0.0003986412110019417,-0.00040129162909264805,-0.00040390360765980653,-0.00040647714731790736,-0.00040901224867375633,-0.00041150891232641287,-0.0004139671388671425,-0.00041638692887934826,-0.00041876828293852257,-0.00042111120161219217,-0.0004234156854598536,-0.00042568173503292793,-0.00042790935087470643,-0.00043009853352029816,-0.0004322492834965749,-0.00043436160132212157,-0.0004364354875071909,-0.0004384709425536468,-0.00044046796695492254,-0.0004424265611959687,-0.00044434672575320697,-0.00044622846109448796,-0.0004480717676790369,-0.00044987664595741943,-0.00045164309637149726,-0.00045337111935437875,-0.00045506071533038143,-0.0004567118847149898,-0.0004583246279148152,-0.00045989894532756214,-0.0004614348373419831,-0.00046293230433784203,-0.0004643913466858757,-0.00046581196474776513,-0.00046719415887609575,-0.0004685379294143228,-0.0004698432766967436,-0.00047111020104845496,-0.00047233870278532965,-0.0004735287822139858,-0.00047468043963175445,-0.00047579367532665675,-0.0004768684895773676,-0.0004779048826532002,-0.0004789028548140769,-0.0004798624063105215,-0.00048078353738364993,-0.00048166624826515285,-0.0004825105391772628,-0.0004833164103326134,-0.0004840838619337576,-0.0004848128941717852,-0.0004855035072228784,-0.00048615570124050696,-0.0004867694763395481,-0.00048734483256795665,-0.00048788176986630445,-0.0004883802880382608,-0.0004888403868294597,-0.0004892620664136706,-0.0004896453290703233,-0.0004899901838921904,-0.0004902966584207249,-0.0004905648245819398,-0.0004907948507438158,-0.0004909870930209431,-0.0004911422212164736,-0.0004912612901126787,-0.0004913454074751471,-0.000491394369453356,-0.0004914188504424604
0.0,-2.258024048695341e-06,-7.540599265769257e-06,-1.2799334039982e-05,-1.801866144973799e-05,-2.320681575636538e-05,-2.8365666785008626e-05,-3.3494116135644106e-05,-3.859082053621574e-05,-4.3654902975065365e-05,-4.868591148629437e-05,-5.368364690128575e-05,-5.864803357401402e-05,-6.357904813831501e-05,-6.847668633041649e-05,-7.334094951291376e-05,-7.817183998394215e-05,-8.296935971258091e-05,-8.773351020481897e-05,-9.246429264099386e-05,-9.716170801801454e-05,-0.0001018257572419803,-0.00010645644117809224,-0.00011105376067438761,-0.0001156177165718549,-0.00012014830970824179,-0.00012464554091923768,-0.0001291094110386896,-0.0001335399208985225,-0.00013793707132859993,-0.0001423008631565956,-0.0001466312972078831,-0.00015092837430544034,-0.00015519209526976299,-0.00015942246091878257,-0.00016361947206778695,-0.00016778312952933977,-0.00017191343411320317,-0.00017601038662625932,-0.00018007398787243267,-0.00018410423865261268,-0.000188101139764576,-0.00019206469200290892,-0.00019599489615893166,-0.00019989175302062229,-0.00020375526337254,-0.0002075854279957488,-0.00021138224766774322,-0.0002151457231623723,-0.00021887585524976656,-0.00022257264469626231,-0.0002262360922643279,-0.00022986619871248948,-0.00023346296479525864,-0.0002370263912630598,-0.00024055647886215813,-0.00024405322833458593,-0.00024751664041807163,-0.00025094671584596887,-0.00025434345534718636,-0.00025770685964611706,-0.0002610369294625675,-0.0002643336655116883,-0.0002675970685039066,-0.0002708271391448562,-0.00027402387813531097,-0.00027718728617111624,-0.0002803173639431198,-0.0002834141121371065,-0.00028647753143373506,-0.0002895076225084689,-0.0002925043860315119,-0.00029546782266774306,-0.0002983979330766525,-0.0003012947179122787,-0.0003041581778231452,-0.00030698831345219845,-0.0003097851254367439,-0.000312548614408386,-0.00031527878099296594,-0.0003179756258105036,-0.0003206391494751374,-0.00032326935259506236,-0.00032586623577247084,-0.00032842979960349917,-0.00033096004467816773,-0.0003334569715803241,-0.0003359205808875838,-0.0003383508731712785,-0.0003407478489963991,-0.00034311150892154244,-0.00034544185349885686,-0.0003477388832739875,-0.0003500025987860224,-0.00035223300056744857,-0.00035443008914409204,-0.00035659386503506777,-0.0003587243287527342,-0.00036082148080263744,-0.000362885321683472,-0.0003649158518870249,-0.00036691307189812956,-0.00036887698219461657,-0.0003708075832472751,-0.00037270487551980104,-0.0003745688594687564,-0.00037639953554352134,-0.00037819690418625177,-0.00037996096583183756,-0.00038169172090786273,-0.0003833891698345597,-0.00038505331302477277,-0.0003866841508839144,-0.0003882816838099275,-0.0003898459121932485,-0.0003913768364167723,-0.00039287445685580837,-0.0003943387738780454,-0.00039576978784352303,-0.0003971674991045893,-0.00039853190800587593,-0.00039986301488425646,-0.00040116082006881024,-0.00040242532388080096,-0.0004036565266336424,-0.00040485442863286787,-0.00040601903017609744,-0.0004071503315530146,-0.00040824833304533247,-0.00040931303492676977,-0.0004103444374630273,-0.00041134254091175926,-0.00041230734552254433,-0.000413238851536867,-0.0004141370591880966,-0.0004150019687014632,-0.0004158335802940405,-0.00041663189417472243,-0.000417396910544205,-0.00041812862959495373,-0.00041882705151112293,-0.00041949217646835733,-0.00042012400463329897,-0.0004207225361624869,-0.0004212877712000754,-0.0004218197098736856,-0.00042231835228818406,-0.00042278369852014335,-0.0004232157486255689,-0.00042361450270056515,-0.00042397996109968855,-0.00042431212505519134,-0.000424610998197199,-0.00042487658986052547,-0.00042510892141596257,-0.00042530803658175363,-0.00042547401481691485,-0.0004256069864692393,-0.0004257071858989893,-0.0004257753901269241,-0.0004258160291807836,-0.0004258363487077134
0.0,-1.7578339872880531e-06,-6.154572953491186e-06,-1.06710546804424e-05,-1.514784449069703e-05,-1.9573052796982637e-05,-2.395554811324961e-05,-2.830260634770664e-05,-3.2618205340778776e-05,-3.690423827393651e-05,-4.116153305447638e-05,-4.539042443676178e-05,-4.9591035376585186e-05,-5.376340490942472e-05,-5.790754223623499e-05,-6.202344772634222e-05,-6.611112013764936e-05,-7.017055860387666e-05,-7.420176289315929e-05,-7.820473323443679e-05,-8.217947011969911e-05,-8.612597417131341e-05,-9.004424606912107e-05,-9.393428651513222e-05,-9.77960962181314e-05,-0.00010162967588765017,-0.0001054350262319024,-0.00010921214795721089,-0.00011296104176790759,-0.00011668170836633925,-0.00012037414845286832,-0.00012403836272584755,-0.00012767435188157578,-0.00013128211661424146,-0.00013486165761586008,-0.00013841297557620915,-0.00014193607118276149,-0.00014543094512062013,-0.00014889759807245134,-0.00015233603071841944,-0.00015574624373612027,-0.00015912823780051677,-0.00016248201358387234,-0.00016580757175568736,-0.00016910491298263415,-0.0001723740379284931,-0.00017561494725408695,-0.00017882764161721848,-0.00018201212167260676,-0.0001851683880718242,-0.00018829644146323314,-0.00019139628249192371,-0.00019446791179965057,-0.00019751133002477144,-0.00020052653780218714,-0.00020351353576327776,-0.00020647232453584402,-0.0002094029047440447,-0.0002123052770083371,-0.00021517944194541746,-0.0002180254001681625,-0.00022084315228556754,-0.00022363269890268985,-0.000226394040620589,-0.00022912717803626976,-0.0002318321117426255,-0.00023450884232837976,-0.00023715737037802645,-0.00023977769647177784,-0.00024236982118550833,-0.00024493374509069706,-0.0002474694687543735,-0.00024997699273906105,-0.00025245631760272485,-0.00025490744389871755,-0.00025733037217572487,-0.0002597251029777153,-0.00026209163684388383,-0.00026442997430860276,-0.00026674011590136756,-0.00026902206214674896,-0.0002712758135643422,-0.00027350137066871273,-0.0002756987339693493,-0.00027786790397061527,-0.00028000888117169984,-0.00028212166606657026,-0.00028420625914392177,-0.0002862626608871321,-0.00028829087177421387,-0.0002902908922777704,-0.00029226272286494976,-0.0002942063639973972,-0.000296121816131213,-0.00029800907971690627,-0.0002998681551993574,-0.00030169904301776643,-0.00030350174360561515,-0.00030527625739062346,-0.0003070225847947143,-0.00030874072623396587,-0.0003104306821185755,-0.000312092452852814,-0.0003137260388349927,-0.00031533144045742386,-0.00031690865810638533,-0.0003184576921620775,-0.0003199785429985889,-0.00032147121098385835,-0.00032293569647964555,-0.00032437199984149074,-0.0003257801214186839,-0.0003271600615542248,-0.0003285118205847943,-0.00032983539884072504,-0.0003311307966459648,-0.00033239801431804894,-0.0003336370521680601,-0.0003348479105006102,-0.000336030589613806,-0.00033718508979922534,-0.00033831141134188367,-0.000339409554520199,-0.0003404795196059762,-0.00034152130686438087,-0.0003425349165539115,-0.0003435203489263731,-0.0003444776042268499,-0.0003454066826936881,-0.00034630758455846887,-0.00034718031004598963,-0.000348024859374242,-0.0003488412327543812,-0.000349629430390713,-0.00035038945248067494,-0.00035112129921481577,-0.0003518249707767708,-0.00035250046734323676,-0.00035314778908395996,-0.00035376693616175444,-0.00035435790873257126,-0.00035492070694576164,-0.00035545533094477285,-0.0003559617808687462,-0.00035644005685579765,-0.0003568901590488972,-0.0003573120876043771,-0.0003577058426983982,-0.00035807142451142434,-0.00035840883312870307,-0.0003587180681918088,-0.00035899912790661367,-0.0003592520065469036,-0.0003594766887579299,-0.0003596731378013467,-0.0003598412745130605,-0.0003599809499730184,-0.0003600919513452637,-0.00036017423194787405,-0.00036022908304901796,-0.0003602633167470646,-0.00036028043359608795
0.0,-1.3961244137549243e-06,-4.913380614627806e-06,-8.61915489851462e-06,-1.2315848158076647e-05,-1.5962995245719148e-05,-1.9564003617494224e-05,-2.3128237405030174e-05,-2.6662479351802744e-05,-3.0170512422687806e-05,-3.36541784586397e-05,-3.711428584861466e-05,-4.055115438469389e-05,-4.396489492035675e-05,-4.735553816281073e-05,-5.072308835974149e-05,-5.4067543242131904e-05,-5.7388900265932115e-05,-6.068715794180577e-05,-6.396231572401236e-05,-6.721437365384232e-05,-7.044333208077289e-05,-7.364919149773386e-05,-7.68319524572717e-05,-7.999161553339076e-05,-8.31281813059275e-05,-8.624165035489719e-05,-8.933202325879537e-05,-9.239930059426334e-05,-9.544348293612273e-05,-9.846457085745144e-05,-0.0001014625649296205,-0.00010443746572229153,-0.00010738927380338757,-0.0001103179897390491,-0.00011322361409358432,-0.00011610614742941621,-0.00011896559030702838,-0.00012180194328491167,-0.00012461520691950972,-0.0001274053817651643,-0.00013017246837406432,-0.00013291646729619023,-0.00013563737907926104,-0.00013833520426868306,-0.0001410099434074959,-0.00014366159703632032,-0.00014629016569330598,-0.00014889564991407987,-0.0001514780502316946,-0.00015403736717657649,-0.00015657360127647514,-0.00015908675305641154,-0.00016157682303862721,-0.00016404381174253585,-0.00016648771968467036,-0.00016890854737863583,-0.000171306295335058,-0.00017368096406153406,-0.00017603255406258556,-0.00017836106583960635,-0.0001806664998908178,-0.00018294885671121854,-0.00018520813679253587,-0.00018744434062318132,-0.00018965746868820153,-0.000191847521469232,-0.00019401449944444942,-0.00019615840308852595,-0.00019827923287258554,-0.00020037698926415632,-0.00020245167272712648,-0.00020450328372169748,-0.00020653182270434189,-0.00020853729012775845,-0.00021051968644082743,-0.00021247901208857115,-0.0002144152675121069,-0.000216328453148604,-0.00021821856943124475,-0.00022008561678918084,-0.00022192959564749465,-0.00022375050642715335,-0.00022554834954497063,-0.00022732312541356672,-0.00022907483444132844,-0.00023080347703237288,-0.00023250905358650298,-0.0002341915644991703,-0.0002358510101614378,-0.0002374873909599432,-0.00023910070727686117,-0.00024069095948986525,-0.00024225814797208993,-0.00024380227309209985,-0.00024532333521385134,-0.00024682133469665634,-0.0002482962718951452,-0.00024974814715923873,-0.0002511769608341099,-0.0002525827132601546,-0.0002539654047729558,-0.0002553250357032489,-0.0002566616063768928,-0.0002579751171148385,-0.0002592655682330997,-0.0002605329600427226,-0.0002617772928497484,-0.0002629985669551871,-0.0002641967826549954,-0.0002653719402400415,-0.0002665240399960798,-0.00026765308220372117,-0.00026875906713840267,-0.00026984199507037256,-0.00027090186626465104,-0.000271938680981013,-0.00027295243947395774,-0.0002739431419926901,-0.00027491078878109053,-0.0002758553800776991,-0.0002767769161156862,-0.0002776753971228291,-0.0002785508233214923,-0.0002794031949286066,-0.00028023251215564797,-0.00028103877520861925,-0.0002818219842880296,-0.0002825821395888662,-0.00028331924130058566,-0.00028403328960709514,-0.0002847242846867351,-0.00028539222671225025,-0.00028603711585078334,-0.0002866589522638526,-0.0002872577361073334,-0.00028783346753144263,-0.00028838614668070525,-0.00028891577369396745,-0.00028942234870446565,-0.00028990587184006956,-0.00029036634322399915,-0.0002908037629765555,-0.0002912181312189322,-0.00029160944808059657,-0.00029197771371156984,-0.0002923229282973902,-0.00029264509206086237,-0.0002929442051936538,-0.0002932202675553075,-0.00029347327773356514,-0.00029370323055300727,-0.0002939101111868183,-0.0002940938826195308,-0.00029425446198633274,-0.00029439168354696314,-0.00029450526299835457,-0.00029459484208434184,-0.00029466038278989595,-0.00029470362343993694,-0.0002947319425067554,-0.0002947461020401646
0.0,-1.0732747272131477e-06,-3.7599270103705787e-06,-6.6360051165807495e-06,-9.526713270718696e-06,-1.237982902233535e-05,-1.5191568945728333e-05,-1.796965649305006e-05,-2.0721274453546187e-05,-2.345088772370329e-05,-2.6160817576387257e-05,-2.8852132087145615e-05,-3.152527153474324e-05,-3.418039587187689e-05,-3.681755305768658e-05,-3.943675207606672e-05,-4.20379911873548e-05,-4.462126731204659e-05,-4.7186578359401175e-05,-4.9733923336695405e-05,-5.22633019812771e-05,-5.47747144287521e-05,-5.726816100591532e-05,-5.9743642121716036e-05,-6.220115821623042e-05,-6.464070973917058e-05,-6.706229714183435e-05,-6.946592087454926e-05,-7.185158138609316e-05,-7.421927912369629e-05,-7.656901453314168e-05,-7.89007880588353e-05,-8.121460014382916e-05,-8.351045122981255e-05,-8.578834175708434e-05,-8.804827216451652e-05,-9.029024288951505e-05,-9.251425436797752e-05,-9.472030703425166e-05,-9.690840132109302e-05,-9.907853765962276e-05,-0.0001012307164792876,-0.00010336493820781635,-0.00010548120327117981,-0.00010757951209354982,-0.00010965986509725708,-0.00011172226270275188,-0.00011376670532856236,-0.00011579319339125506,-0.00011780172730539365,-0.00011979230748349973,-0.0001217649343360131,-0.00012371960827125178,-0.00012565632969537216,-0.00012757509901233059,-0.00012947591662384358,-0.0001313587829293504,-0.00013322369832597397,-0.00013507066320848107,-0.00013689967796924677,-0.00013871074299821333,-0.00014050385868285612,-0.00014227902540814424,-0.00014403624355650225,-0.00014577551350777662,-0.00014749683563919526,-0.00014920021032533473,-0.0001508856379380813,-0.00015255311884659607,-0.00015420265341727977,-0.00015583424201373656,-0.00015744788499674045,-0.00015904358272419812,-0.00016062133555111603,-0.0001621811438295662,-0.00016372300790865017,-0.00016524692813446885,-0.00016675290485008675,-0.0001682409383954978,-0.00016971102910759696,-0.00017116317732014116,-0.00017259738336372407,-0.00017401364756573898,-0.00017541197025035021,-0.0001767923517384587,-0.00017815479234767416,-0.00017949929239228485,-0.00018082585218322467,-0.00018213447202804287,-0.00018342515223087683,-0.00018469789309242003,-0.0001859526949098972,-0.0001871895579770305,-0.00018840848258401373,-0.000189609469017485,-0.00019079251756049935,-0.00019195762849250053,-0.0001931048020892921,-0.0001942340386230103,-0.00019534533836210546,-0.0001964387015713057,-0.000197514128511601,-0.00019857161944020993,-0.00019961117461055866,-0.00020063279427225678,-0.00020163647867107288,-0.00020262222804891258,-0.00020359004264378991,-0.00020453992268980575,-0.0002054718684171308,-0.00020638588005197737,-0.00020728195781658198,-0.00020816010192917974,-0.00020902031260398485,-0.0002098625900511728,-0.00021068693447685353,-0.00021149334608305692,-0.00021228182506771332,-0.0002130523716246339,-0.00021380498594349086,-0.000214539668209797,-0.00021525641860489384,-0.00021595523730592848,-0.00021663612448583728,-0.0002172990803133321,-0.0002179441049528807,-0.0002185711985646925,-0.00021918036130470924,-0.00021977159332457554,-0.0002203448947716378,-0.00022090026578891852,-0.000221437706515118,-0.00022195721708458222,-0.0002224587976272979,-0.00022294244826888144,-0.00022340816913054724,-0.00022385596032910708,-0.0002242858219769421,-0.0002246977541820314,-0.00022509175704805878,-0.00022546783067477427,-0.0002258259751589867,-0.00022616619059688235,-0.00022648847708896076,-0.00022679283474929667,-0.00022707926372003223,-0.0002273477641864153,-0.0002275983363675086,-0.00022783098040059956,-0.0002280456958950561,-0.00022824248061440708,-0.00022842132711379913,-0.00022858221507413742,-0.00022872509565239946,-0.00022884986363199704,-0.00022895631809357052,-0.00022904413572214093,-0.00022911295243165442,-0.00022916281815111132,-0.00022919557852144182,-0.0002292179439118579,-0.00022922912660706596
0.0,-7.627280394915111e-07,-2.657603717894617e-06,-4.7050812783946844e-06,-6.775712757645118e-06,-8.822042130378069e-06,-1.0836721678014948e-05,-1.2824715679757329e-05,-1.47919528419032e-05,-1.674245268742507e-05,-1.86784101333258e-05,-2.060086979606016e-05,-2.2510274501931144e-05,-2.4406790013404965e-05,-2.6290468373213224e-05,-2.8161320752583484e-05,-3.0019346392630117e-05,-3.1864542561964816e-05,-3.369690722399674e-05,-3.551643931709518e-05,-3.7323138463886503e-05,-3.911700467093795e-05,-4.089803813304958e-05,-4.266623912760217e-05,-4.4421607964147254e-05,-4.616414496277421e-05,-4.7893850445822526e-05,-4.961072473515889e-05,-5.131476815150761e-05,-5.3005981014414083e-05,-5.4684363642335245e-05,-5.6349916352712384e-05,-5.8002639462004e-05,-5.964253328568828e-05,-6.126959813824743e-05,-6.28838343331431e-05,-6.448524218278975e-05,-6.607382199852445e-05,-6.764957409057746e-05,-6.921249876804175e-05,-7.076259633884324e-05,-7.229986710971104e-05,-7.382431138614827e-05,-7.533592947240157e-05,-7.683472167143351e-05,-7.832068828489082e-05,-7.979382961307783e-05,-8.125414595492561e-05,-8.270163760796439e-05,-8.413630486829385e-05,-8.555814803055438e-05,-8.696716738790042e-05,-8.83633632319706e-05,-8.974673585285981e-05,-9.111728553909164e-05,-9.247501257758921e-05,-9.38199172536496e-05,-9.515199985091507e-05,-9.64712606513463e-05,-9.777769993519426e-05,-9.90713179809729e-05,-0.00010035211506543455,-0.00010162009146354008,-0.00010287524744843457,-0.00010411758329142079,-0.00010534709926193169,-0.00010656379562750607,-0.00010776767265376126,-0.00010895873060436831,-0.00011013696974102783,-0.00011130239032344071,-0.0001124549926092873,-0.00011359477685420085,-0.00011472174331174233,-0.00011583589223337795,-0.00011693722386845079,-0.00011802573846416044,-0.00011910143626553888,-0.00012016431751542543,-0.00012121438245444521,-0.00012225163132098226,-0.00012327606435115954,-0.00012428768177881694,-0.00012528648383548617,-0.00012627247075036992,-0.00012724564275031858,-0.00012820600005981,-0.00012915354290092697,-0.0001300882714933353,-0.00013101018605426288,-0.00013191928679847842,-0.00013281557393827217,-0.00013369904768343365,-0.00013456970824123263,-0.00013542755581639812,-0.00013627259061110006,-0.00013710481282493025,-0.0001379242226548785,-0.00013873082029531843,-0.0001395246059379888,-0.00014030557977196876,-0.000141073741983668,-0.00014182909275680357,-0.00014257163227238517,-0.00014330136070869463,-0.0001440182782412706,-0.00014472238504289182,-0.0001454136812835577,-0.0001460921671304749,-0.00014675784274804194,-0.00014741070829782954,-0.00014805076393856786,-0.0001486780098261288,-0.00014929244611351506,-0.00014989407295084317,-0.00015048289048532557,-0.0001510588988612617,-0.00015162209822001943,-0.00015217248870002926,-0.00015271007043676457,-0.00015323484356272505,-0.00015374680820743353,-0.00015424596449741394,-0.0001547323125561875,-0.00015520585250425632,-0.00015566658445908936,-0.00015611450853511466,-0.00015654962484371298,-0.0001569719334931956,-0.00015738143458880407,-0.00015777812823269228,-0.00015816201452392248,-0.00015853309355845204,-0.0001588913654291222,-0.00015923683022565297,-0.00015956948803461628,-0.00015988933893942758,-0.0001601963830203535,-0.00016049062035451695,-0.00016077205101602945,-0.00016104067507636424,-0.00016129649260535658,-0.00016153950367349046,-0.00016176970835667876,-0.00016198710674498638,-0.00016219169895567324,-0.00016238348514470554,-0.00016256246548984767,-0.0001627286400604249,-0.00016288200834772273,-0.00016302256792309315,-0.00016315031109855516,-0.00016326521749987415,-0.00016336723935751383,-0.00016345627647213547,-0.0001635321437570986,-0.00016359455722639603,-0.00016364322541963033,-0.0001636782557181429,-0.00016370124606559234,-0.00016371744992453978,-0.00016372555185401353
0.0,-4.5656530780112386e-07,-1.5845222884008314e-06,-2.809557541880094e-06,-4.053592660261752e-06,-5.284557159788796e-06,-6.495964532128902e-06,-7.690348520546428e-06,-8.871502051568486e-06,-1.0042163080618162e-05,-1.1203878130070721e-05,-1.235740001628467e-05,-1.3503053670514838e-05,-1.4640962977303066e-05,-1.577116787620303e-05,-1.6893677548803876e-05,-1.8008491900826296e-05,-1.9115609107695233e-05,-2.0215027719898356e-05,-2.1306746945526433e-05,-2.2390766472579996e-05,-2.3467086263488405e-05,-2.4535706417048e-05,-2.5596627092642523e-05,-2.664984847363495e-05,-2.769537075147195e-05,-2.8733194119510746e-05,-2.9763318770949615e-05,-3.0785744898295726e-05,-3.180047269331957e-05,-3.2807502347114365e-05,-3.3806834050149984e-05,-3.4798467992299517e-05,-3.578240436284461e-05,-3.675864335046778e-05,-3.772718514323885e-05,-3.868802992859902e-05,-3.9641177893343355e-05,-4.058662922360262e-05,-4.152438410482536e-05,-4.2454442721760115e-05,-4.337680525843681e-05,-4.429147189815023e-05,-4.519844282344155e-05,-4.6097718216081086e-05,-4.6989298257049667e-05,-4.7873183126522505e-05,-4.874937300385195e-05,-4.9617868067549065e-05,-5.04786684952665e-05,-5.133177446378182e-05,-5.217718614898021e-05,-5.301490372583815e-05,-5.384492736840614e-05,-5.466725724979138e-05,-5.5481893542141556e-05,-5.6288836416627454e-05,-5.70880860434282e-05,-5.787964259171325e-05,-5.86635062296274e-05,-5.943967712427245e-05,-6.020815544169229e-05,-6.0968941346857075e-05,-6.172203500364854e-05,-6.246743657484138e-05,-6.32051462220893e-05,-6.393516410590839e-05,-6.465749038566354e-05,-6.537212521955204e-05,-6.607906876458684e-05,-6.677832117658273e-05,-6.746988261014224e-05,-6.815375321863828e-05,-6.882993315420239e-05,-6.949842256770883e-05,-7.015922160875734e-05,-7.081233042566204e-05,-7.145774916543424e-05,-7.209547797377346e-05,-7.272551699504917e-05,-7.334786637228672e-05,-7.39625262471544e-05,-7.456949675994871e-05,-7.51687780495858e-05,-7.576037025358107e-05,-7.634427350803862e-05,-7.692048794764036e-05,-7.748901370563055e-05,-7.804985091380429e-05,-7.86029997024935e-05,-7.914846020055351e-05,-7.968623253535304e-05,-8.021631683276108e-05,-8.07387132171354e-05,-8.125342181130858e-05,-8.176044273657809e-05,-8.225977611269341e-05,-8.275142205784341e-05,-8.323538068864867e-05,-8.371165212014842e-05,-8.418023646578678e-05,-8.464113383740152e-05,-8.509434434521888e-05,-8.55398680978436e-05,-8.59777052022375e-05,-8.640785576372334e-05,-8.683031988596157e-05,-8.724509767094763e-05,-8.76521892190032e-05,-8.805159462876258e-05,-8.844331399716608e-05,-8.882734741944604e-05,-8.920369498912134e-05,-8.957235679799095e-05,-8.993333293612201e-05,-9.028662349184138e-05,-9.063222855171723e-05,-9.097014820057248e-05,-9.130038252146185e-05,-9.162293159566514e-05,-9.193779550268149e-05,-9.224497432021758e-05,-9.25444681241873e-05,-9.283627698869976e-05,-9.312040098605541e-05,-9.339684018673142e-05,-9.366559465938183e-05,-9.392666447083069e-05,-9.41800496860651e-05,-9.442575036822642e-05,-9.466376657860563e-05,-9.489409837663426e-05,-9.511674581988619e-05,-9.533170896406648e-05,-9.553898786300024e-05,-9.573858256862902e-05,-9.59304931309949e-05,-9.611471959825037e-05,-9.629126201667209e-05,-9.64601204307549e-05,-9.662129488349603e-05,-9.677478541711816e-05,-9.692059207474713e-05,-9.705871490382482e-05,-9.718915396225316e-05,-9.731190932727898e-05,-9.742698110232075e-05,-9.753436940115187e-05,-9.76340742459814e-05,-9.772609521329659e-05,-9.781043044148949e-05,-9.78870741991821e-05,-9.795601156291281e-05,-9.80172080873752e-05,-9.807059275732908e-05,-9.81160372389716e-05,-9.815335083631395e-05,-9.818235049307898e-05,-9.820313666373685e-05,-9.821678211595727e-05,-9.822660691227273e-05,-9.823151931043046e-05
0.0,-1.520445243187653e-07,-5.266053466682256e-07,-9.343214569492733e-07,-1.3492112557550924e-06,-1.760038013515078e-06,-2.1642792698316176e-06,-2.562684056256199e-06,-2.956546511284084e-06,-3.3468323592897154e-06,-3.7340966395692817e-06,-4.118612627202576e-06,-4.500499328853072e-06,-4.879802519496982e-06,-5.256537138911752e-06,-5.6307067248537274e-06,-6.0023113252612025e-06,-6.3713503044598904e-06,-6.737823140501421e-06,-7.101729542199201e-06,-7.463069390286594e-06,-7.821842664751859e-06,-8.17804939523164e-06,-8.53168963355494e-06,-8.882763440398553e-06,-9.231270879459856e-06,-9.577212015178776e-06,-9.920586911967362e-06,-1.0261395634007211e-05,-1.0599638245229528e-05,-1.0935314809335648e-05,-1.1268425389816218e-05,-1.1598970049962331e-05,-1.1926948852866975e-05,-1.2252361861423103e-05,-1.2575209138319712e-05,-1.2895490746035656e-05,-1.3213206746834725e-05,-1.3528357202759435e-05,-1.384094217562501e-05,-1.4150961727012689e-05,-1.4458415918264696e-05,-1.4763304810478106e-05,-1.5065628464499008e-05,-1.5365386940916285e-05,-1.566258030005541e-05,-1.5957208601973616e-05,-1.624927190645392e-05,-1.6538770272999386e-05,-1.6825703760826002e-05,-1.7110072428858505e-05,-1.7391876335723694e-05,-1.767111553974602e-05,-1.7947790098941435e-05,-1.8221900071011298e-05,-1.8493445513337167e-05,-1.8762426482974337e-05,-1.9028843036648403e-05,-1.929269523074881e-05,-1.9553983121321884e-05,-1.9812706764067145e-05,-2.0068866214331727e-05,-2.0322461527104165e-05,-2.0573492757011465e-05,-2.082195995831037e-05,-2.10678631848843e-05,-2.1311202490236695e-05,-2.1551977927489548e-05,-2.179018954937435e-05,-2.2025837408226848e-05,-2.2258921555984595e-05,-2.2489442044180053e-05,-2.271739892393764e-05,-2.294279224596641e-05,-2.3165622060557337e-05,-2.338588841757612e-05,-2.360359136645831e-05,-2.381873095620751e-05,-2.403130723538861e-05,-2.4241320252124543e-05,-2.4448770054090115e-05,-2.465365668850617e-05,-2.4855980202137863e-05,-2.5055740641289448e-05,-2.525293805179943e-05,-2.544757247903396e-05,-2.5639643967886062e-05,-2.5829152562769394e-05,-2.6016098307616333e-05,-2.620048124586904e-05,-2.6382301420478355e-05,-2.6561558873899435e-05,-2.673825364808769e-05,-2.691238578449587e-05,-2.7083955324066502e-05,-2.7252962307232495e-05,-2.7419406773907885e-05,-2.7583288763489215e-05,-2.7744608314849354e-05,-2.79033654663333e-05,-2.805956025575558e-05,-2.821319272039423e-05,-2.8364262896990278e-05,-2.8512770821744826e-05,-2.8658716530311263e-05,-2.8802100057797754e-05,-2.8942921438754767e-05,-2.908118070718191e-05,-2.9216877896518833e-05,-2.9350013039642678e-05,-2.9480586168867845e-05,-2.9608597315934716e-05,-2.9734046512017064e-05,-2.985693378771508e-05,-2.9977259173048638e-05,-3.0095022697461836e-05,-3.021022438980617e-05,-3.0322864278357668e-05,-3.0432942390801418e-05,-3.054045875422854e-05,-3.0645413395141444e-05,-3.0747806339437504e-05,-3.084763761242231e-05,-3.094490723880063e-05,-3.103961524267106e-05,-3.113176164752759e-05,-3.1221346476249524e-05,-3.130836975111268e-05,-3.139283149378105e-05,-3.14747317253e-05,-3.155407046610109e-05,-3.1630847735992055e-05,-3.17050635541627e-05,-3.177671793918461e-05,-3.18458109089981e-05,-3.191234248091704e-05,-3.197631267161913e-05,-3.2037721497154324e-05,-3.209656897294688e-05,-3.215285511383636e-05,-3.220657993417778e-05,-3.225774344810178e-05,-3.230634567013549e-05,-3.2352386616434753e-05,-3.23958663069894e-05,-3.243678476875985e-05,-3.247514203788351e-05,-3.2510938153297816e-05,-3.25441731182775e-05,-3.257484676902049e-05,-3.260295840978214e-05,-3.2628505925485133e-05,-3.265148385473381e-05,-3.2671879687772766e-05,-3.2689667852572695e-05,-3.270480264003292e-05,-3.271721721846209e-05,-3.272684965317915e-05,-3.273374009967415e-05,-3.273826524552295e-05,-3.2741558237273183e-05,-3.27432047331483e-05
0.0,1.5204452431834675e-07,5.266053466662796e-07,9.343214569455148e-07,1.3492112557494734e-06,1.7600380135076082e-06,2.1642792698222973e-06,2.5626840562449897e-06,2.9565465112709347e-06,3.3468323592746196e-06,3.7340966395522178e-06,4.11861262718351e-06,4.500499328832018e-06,4.8798025194740375e-06,5.256537138887006e-06,5.630706724827207e-06,6.002311325233006e-06,6.371350304429895e-06,6.737823140469447e-06,7.101729542165168e-06,7.463069390250696e-06,7.821842664714242e-06,8.178049395192264e-06,8.531689633513832e-06,8.882763440355715e-06,9.231270879415183e-06,9.577212015132369e-06,9.92058691191904e-06,1.026139563395691e-05,1.059963824517694e-05,1.0935314809280572e-05,1.126842538975927e-05,1.159897004990342e-05,1.192694885280579e-05,1.2252361861359681e-05,1.2575209138253875e-05,1.2895490745967747e-05,1.321320674676488e-05,1.3528357202687756e-05,1.3840942175551083e-05,1.41509617269365e-05,1.4458415918186547e-05,1.4763304810398122e-05,1.5065628464416684e-05,1.5365386940831226e-05,1.566258029996801e-05,1.595720860188437e-05,1.6249271906362734e-05,1.6538770272905026e-05,1.6825703760728288e-05,1.7110072428757464e-05,1.739187633562031e-05,1.767111553964088e-05,1.7947790098834624e-05,1.822190007090255e-05,1.849344551322576e-05,1.8762426482861377e-05,1.902884303653392e-05,1.929269523063166e-05,1.9553983121201863e-05,1.9812706763944037e-05,2.0068866214205587e-05,2.032246152697549e-05,2.0573492756879185e-05,2.0821959958174132e-05,2.1067863184744046e-05,2.131120249009476e-05,2.155197792734468e-05,2.179018954922503e-05,2.2025837408073616e-05,2.2258921555827335e-05,2.2489442044020584e-05,2.2717398923775452e-05,2.294279224580075e-05,2.3165622060387463e-05,2.3385888417400106e-05,2.3603591366278074e-05,2.381873095602488e-05,2.403130723520528e-05,2.4241320251939656e-05,2.4448770053903046e-05,2.4653656688318208e-05,2.4855980201950157e-05,2.505574064110117e-05,2.5252938051608194e-05,2.544757247884017e-05,2.5639643967690794e-05,2.5829152562574196e-05,2.6016098307418368e-05,2.6200481245667756e-05,2.6382301420273265e-05,2.656155887369196e-05,2.673825364787832e-05,2.6912385784283434e-05,2.7083955323851057e-05,2.7252962307012192e-05,2.741940677368431e-05,2.758328876326191e-05,2.7744608314617277e-05,2.7903365466096307e-05,2.805956025551315e-05,2.8213192720148978e-05,2.836426289674445e-05,2.8512770821496263e-05,2.8658716530060616e-05,2.8802100057542807e-05,2.894292143849854e-05,2.9081180706923653e-05,2.9216877896257225e-05,2.9350013039378044e-05,2.948058616859628e-05,2.9608597315659277e-05,2.9734046511737628e-05,2.9856933787431588e-05,2.9977259172761832e-05,3.009502269716948e-05,3.0210224389513122e-05,3.0322864278065242e-05,3.0432942390509835e-05,3.054045875393827e-05,3.0645413394850126e-05,3.074780633914942e-05,3.0847637612139544e-05,3.094490723851975e-05,3.103961524239046e-05,3.113176164724269e-05,3.122134647596662e-05,3.1308369750833825e-05,3.139283149350401e-05,3.147473172502548e-05,3.155407046582599e-05,3.1630847735720394e-05,3.1705063553898135e-05,3.1776717938922846e-05,3.184581090873678e-05,3.191234248065159e-05,3.1976312671352656e-05,3.203772149688799e-05,3.209656897268465e-05,3.215285511357876e-05,3.220657993392266e-05,3.225774344785216e-05,3.2306345669894874e-05,3.235238661620419e-05,3.2395866306768174e-05,3.243678476854118e-05,3.2475142037666835e-05,3.251093815308247e-05,3.25441731180583e-05,3.2574846768798346e-05,3.2602958409557436e-05,3.2628505925256035e-05,3.26514838545042e-05,3.2671879687539005e-05,3.268966785233085e-05,3.270480263978442e-05,3.271721721820317e-05,3.272684965291941e-05,3.2733740099411796e-05,3.2738265245258995e-05,3.274155823701104e-05,3.274320473288706e-05
0.0,4.565653078007033e-07,1.5845222883988667e-06,2.809557541876314e-06,4.053592660256115e-06,5.28455715978131e-06,6.495964532119558e-06,7.6903485205352e-06,8.871502051555333e-06,1.0042163080603065e-05,1.1203878130053653e-05,1.23574000162656e-05,1.3503053670493801e-05,1.4640962977280147e-05,1.5771167876178303e-05,1.6893677548777394e-05,1.8008491900798076e-05,1.9115609107665228e-05,2.0215027719866382e-05,2.1306746945492433e-05,2.2390766472544106e-05,2.346708626345076e-05,2.45357064170086e-05,2.559662709260142e-05,2.664984847359207e-05,2.7695370751427258e-05,2.873319411946435e-05,2.9763318770901354e-05,3.0785744898245555e-05,3.180047269326704e-05,3.2807502347059423e-05,3.3806834050092976e-05,3.4798467992240604e-05,3.578240436278353e-05,3.675864335040435e-05,3.7727185143173124e-05,3.868802992853126e-05,3.9641177893273695e-05,4.058662922353103e-05,4.152438410475173e-05,4.245444272168395e-05,4.337680525835881e-05,4.429147189807015e-05,4.5198442823359304e-05,4.6097718215996193e-05,4.698929825696239e-05,4.7873183126433594e-05,4.8749373003760776e-05,4.961786806745461e-05,5.047866849516874e-05,5.1331774463680985e-05,5.2177186148877134e-05,5.301490372573321e-05,5.384492736829902e-05,5.466725724968215e-05,5.5481893542029755e-05,5.628883641651392e-05,5.7088086043313086e-05,5.78796425915963e-05,5.866350622950756e-05,5.943967712414932e-05,6.020815544156623e-05,6.096894134672826e-05,6.172203500351604e-05,6.246743657470522e-05,6.320514622194914e-05,6.393516410576591e-05,6.46574903855184e-05,6.53721252194028e-05,6.60790687644337e-05,6.677832117642552e-05,6.746988260998159e-05,6.815375321847568e-05,6.882993315403684e-05,6.949842256753904e-05,7.015922160858233e-05,7.081233042548237e-05,7.145774916525338e-05,7.209547797359089e-05,7.272551699486371e-05,7.334786637209856e-05,7.396252624696542e-05,7.456949675976064e-05,7.516877804939636e-05,7.576037025338945e-05,7.634427350784495e-05,7.692048794744589e-05,7.748901370543567e-05,7.804985091360683e-05,7.860299970229265e-05,7.914846020034826e-05,7.968623253514513e-05,8.021631683255164e-05,8.07387132169229e-05,8.125342181109262e-05,8.17604427363574e-05,8.225977611246913e-05,8.275142205761593e-05,8.32353806884167e-05,8.371165211991082e-05,8.418023646554317e-05,8.464113383715646e-05,8.509434434497385e-05,8.553986809759555e-05,8.597770520198774e-05,8.640785576346897e-05,8.683031988570382e-05,8.724509767068835e-05,8.765218921874131e-05,8.805159462849813e-05,8.84433139968951e-05,8.882734741916965e-05,8.920369498884195e-05,8.957235679770895e-05,8.993333293583712e-05,9.028662349154909e-05,9.063222855142301e-05,9.097014820027987e-05,9.130038252116985e-05,9.162293159537473e-05,9.193779550239076e-05,9.224497431992986e-05,9.254446812390318e-05,9.28362769884181e-05,9.312040098577233e-05,9.33968401864475e-05,9.36655946590993e-05,9.392666447055161e-05,9.418004968578746e-05,9.442575036795022e-05,9.466376657832916e-05,9.489409837636375e-05,9.511674581962106e-05,9.533170896380457e-05,9.553898786273867e-05,9.573858256836304e-05,9.593049313072737e-05,9.61147195979849e-05,9.629126201640941e-05,9.6460120430497e-05,9.66212948832426e-05,9.677478541687198e-05,9.692059207450775e-05,9.705871490359488e-05,9.718915396203139e-05,9.731190932706077e-05,9.742698110210247e-05,9.753436940093454e-05,9.763407424576354e-05,9.772609521307418e-05,9.781043044126423e-05,9.78870741989518e-05,9.795601156268207e-05,9.801720808714054e-05,9.807059275708815e-05,9.81160372387242e-05,9.815335083605749e-05,9.818235049281865e-05,9.82031366634736e-05,9.821678211569252e-05,9.822660691201043e-05,9.823151931016939e-05
0.0,7.627280394910848e-07,2.657603717892615e-06,4.705081278390864e-06,6.775712757639442e-06,8.822042130370542e-06,1.0836721678005559e-05,1.2824715679746065e-05,1.4791952841890024e-05,1.674245268740995e-05,1.86784101333087e-05,2.0600869796041093e-05,2.2510274501910145e-05,2.4406790013382064e-05,2.6290468373188535e-05,2.816132075255705e-05,3.0019346392601917e-05,3.186454256193478e-05,3.369690722396477e-05,3.551643931706122e-05,3.732313846385065e-05,3.911700467090032e-05,4.0898038133010266e-05,4.2666239127561056e-05,4.442160796410429e-05,4.616414496272951e-05,4.789385044577616e-05,4.961072473511072e-05,5.1314768151457403e-05,5.300598101436166e-05,5.46843636422804e-05,5.634991635265528e-05,5.800263946194508e-05,5.964253328562729e-05,6.126959813818411e-05,6.288383433307753e-05,6.448524218272207e-05,6.607382199845501e-05,6.764957409050605e-05,6.921249876796809e-05,7.076259633876729e-05,7.229986710963313e-05,7.382431138606819e-05,7.533592947231931e-05,7.683472167134884e-05,7.832068828480383e-05,7.979382961298867e-05,8.125414595483426e-05,8.270163760787007e-05,8.41363048681961e-05,8.555814803045383e-05,8.696716738779762e-05,8.83633632318656e-05,8.97467358527523e-05,9.111728553898128e-05,9.247501257747682e-05,9.381991725353588e-05,9.51519998508001e-05,9.647126065122937e-05,9.777769993507443e-05,9.907131798085045e-05,0.00010035211506530901,0.00010162009146341137,0.00010287524744830232,0.00010411758329128492,0.00010534709926179181,0.00010656379562736328,0.00010776767265361553,0.000108958730604219,0.00011013696974087437,0.00011130239032328353,0.00011245499260912742,0.0001135947768540387,0.000114721743311577,0.00011583589223320846,0.00011693722386827686,0.00011802573846398322,0.00011910143626535914,0.00012016431751524353,0.00012121438245425904,0.00012225163132079347,0.0001232760643509702,0.00012428768177862834,0.0001252864838352963,0.00012627247075017783,0.00012724564275012497,0.00012820600005961603,0.00012915354290073214,0.00013008827149313794,0.00013101018605406222,0.0001319192867982735,0.0001328155739380639,0.00013369904768322335,0.00013456970824101932,0.00013542755581618163,0.0001362725906108801,0.00013710481282470593,0.0001379242226546509,0.00013873082029508644,0.00013952460593775082,0.00014030557977172647,0.0001410737419834241,0.00014182909275655875,0.0001425716322721375,0.00014330136070844402,0.0001440182782410157,0.0001447223850426331,0.00014541368128329722,0.00014609216713021167,0.00014675784274777572,0.00014741070829755914,0.00014805076393829172,0.0001486780098258491,0.0001492924461132326,0.00014989407295055768,0.00015048289048503506,0.00015105889886096754,0.0001516220982197275,0.0001521724886997381,0.00015271007043647357,0.0001532348435624363,0.0001537468082071457,0.0001542459644971294,0.00015473231255590413,0.00015520585250397242,0.00015566658445880443,0.00015611450853483287,0.00015654962484343326,0.00015697193349291732,0.0001573814345885255,0.00015777812823241543,0.00015816201452364948,0.0001585330935581838,0.0001588913654288584,0.00015923683022538873,0.00015956948803434734,0.00015988933893916027,0.00016019638302008818,0.00016049062035425427,0.00016077205101577158,0.0001610406750761144,0.00016129649260511212,0.0001615395036732523,0.00016176970835644832,0.00016198710674476376,0.00016219169895545434,0.0001623834851444869,0.00016256246548962972,0.0001627286400602076,0.00016288200834750063,0.00016302256792286707,0.00016315031109832395,0.00016326521749964105,0.00016336723935728032,0.0001634562764718955,0.00016353214375685243,0.00016359455722614178,0.00016364322541936868,0.00016367825571787746,0.00016370124606532776,0.0001637174499242781,0.00016372555185375327
0.0,1.0732747272127072e-06,3.759927010368513e-06,6.636005116576861e-06,9.526713270712957e-06,1.2379829022327754e-05,1.5191568945718872e-05,1.7969656493038727e-05,2.072127445353296e-05,2.3450887723688125e-05,2.6160817576370134e-05,2.8852132087126553e-05,3.1525271534722245e-05,3.418039587185402e-05,3.681755305766195e-05,3.943675207604032e-05,4.2037991187326576e-05,4.46212673120165e-05,4.718657835936919e-05,4.973392333666153e-05,5.226330198124126e-05,5.477471442871448e-05,5.7268161005876045e-05,5.9743642121674884e-05,6.220115821618733e-05,6.46407097391258e-05,6.706229714178793e-05,6.94659208745011e-05,7.185158138604295e-05,7.421927912364389e-05,7.656901453308698e-05,7.890078805877845e-05,8.121460014377034e-05,8.351045122975158e-05,8.578834175702104e-05,8.804827216445111e-05,9.029024288944768e-05,9.251425436790825e-05,9.472030703418013e-05,9.690840132101905e-05,9.907853765954693e-05,0.00010123071647920976,0.00010336493820773658,0.00010548120327109768,0.00010757951209346528,0.00010965986509717024,0.00011172226270266282,0.00011376670532847107,0.00011579319339116084,0.00011780172730529622,0.00011979230748339954,0.00012176493433591046,0.00012371960827114648,0.000125656329695264,0.00012757509901221948,0.00012947591662373047,0.00013135878292923643,0.00013322369832585875,0.00013507066320836387,0.0001368996779691267,0.00013871074299809095,0.00014050385868273111,0.0001422790254080165,0.00014403624355637098,0.0001457755135076408,0.00014749683563905573,0.0001492002103251922,0.0001508856379379355,0.0001525531188464461,0.0001542026534171261,0.00015583424201357968,0.00015744788499658094,0.00015904358272403609,0.00016062133555095067,0.00016218114382939673,0.00016372300790847745,0.00016524692813429286,0.00016675290484990778,0.00016824093839531523,0.0001697110291074107,0.00017116317731995318,0.0001725973833635355,0.00017401364756555051,0.00017541197025015964,0.00017679235173826555,0.0001781547923474807,0.0001794992923920918,0.00018082585218303016,0.00018213447202784528,0.00018342515223067517,0.00018469789309221468,0.0001859526949096884,0.00018718955797681903,0.0001884084825837997,0.00018960946901726828,0.00019079251756027983,0.00019195762849227643,0.00019310480208906337,0.00019423403862277758,0.00019534533836186788,0.00019643870157106676,0.00019751412851135987,0.000198571619439966,0.0001996111746103114,0.0002006327942720066,0.00020163647867082015,0.00020262222804865576,0.00020359004264352914,0.00020453992268954144,0.00020547186841686282,0.00020638588005170668,0.0002072819578163076,0.00020816010192890107,0.00020902031260370212,0.00020986259005088625,0.00021068693447656362,0.00021149334608276403,0.0002122818250674212,0.00021305237162434187,0.00021380498594319986,0.0002145396682095089,0.00021525641860460832,0.00021595523730564311,0.0002166361244855517,0.00021729908031304577,0.00021794410495259314,0.00021857119856441025,0.00021918036130442946,0.00021977159332429592,0.00022034489477135722,0.00022090026578864164,0.00022143770651484373,0.00022195721708431128,0.00022245879762702989,0.00022294244826861397,0.00022340816913027836,0.0002238559603288376,0.0002242858219766766,0.000224697754181769,0.0002250917570478024,0.00022546783067452594,0.0002258259751587433,0.00022616619059664394,0.00022648847708872975,0.0002267928347490725,0.00022707926371981336,0.0002273477641861957,0.00022759833636729006,0.00022783098040038112,0.00022804569589483575,0.00022824248061418119,0.0002284213271135685,0.00022858221507390526,0.00022872509565216603,0.00022884986363176012,0.00022895631809332498,0.00022904413572188612,0.00022911295243139461,0.00022916281815084832,0.00022919557852117998,0.00022921794391159977,0.00022922912660680965
0.0,1.3961244137544487e-06,4.913380614625637e-06,8.61915489851063e-06,1.2315848158070815e-05,1.5962995245711453e-05,1.9564003617484653e-05,2.312823740501874e-05,2.666247935178944e-05,3.0170512422672576e-05,3.3654178458622534e-05,3.71142858485956e-05,4.055115438467296e-05,4.396489492033398e-05,4.735553816278615e-05,5.072308835971508e-05,5.4067543242103634e-05,5.738890026590198e-05,6.068715794177382e-05,6.396231572397855e-05,6.721437365380656e-05,7.044333208073528e-05,7.364919149769464e-05,7.683195245723058e-05,7.999161553334764e-05,8.312818130588263e-05,8.624165035485072e-05,8.933202325874708e-05,9.239930059421308e-05,9.544348293607037e-05,9.846457085739687e-05,0.00010146256492956375,0.00010443746572223273,0.00010738927380332662,0.00011031798973898597,0.00011322361409351911,0.00011610614742934899,0.00011896559030695913,0.00012180194328484013,0.0001246152069194357,0.0001274053817650885,0.00013017246837398693,0.00013291646729611062,0.00013563737907917924,0.00013833520426859906,0.0001410099434074094,0.00014366159703623163,0.0001462901656932149,0.00014889564991398593,0.00015147805023159772,0.00015403736717647658,0.00015657360127637262,0.0001590867530563061,0.0001615768230385188,0.00016404381174242436,0.00016648771968455728,0.00016890854737852128,0.000171306295334942,0.00017368096406141631,0.00017603255406246527,0.00017836106583948375,0.00018066649989069284,0.00018294885671109068,0.00018520813679240463,0.0001874443406230461,0.00018965746868806265,0.00019184752146909003,0.00019401449944430368,0.0001961584030883764,0.0001982792328724324,0.00020037698926400027,0.00020245167272696778,0.0002045032837215358,0.00020653182270417627,0.000208537290127589,0.0002105196864406555,0.00021247901208839654,0.0002144152675119281,0.00021632845314842181,0.00021821856943105892,0.00022008561678899384,0.00022192959564730722,0.00022375050642696486,0.00022554834954477963,0.000227323125413374,0.00022907483444113558,0.00023080347703218016,0.0002325090535863091,0.000234191564498972,0.00023585101016123473,0.00023748739095973728,0.0002391007072766522,0.00024069095948965342,0.0002422581479718764,0.00024380227309188295,0.0002453233352136316,0.0002468213346964314,0.000248296271894917,0.0002497481471590061,0.0002511769608338749,0.00025258271325991874,0.00025396540477271793,0.00025532503570300624,0.00025666160637664566,0.0002579751171145885,0.00025926556823284826,0.00026053296004246627,0.0002617772928494856,0.00026299856695492075,0.0002641967826547258,0.00026537194023977035,0.0002665240399958056,0.0002676530822034411,0.0002687590671381196,0.00026984199507008687,0.0002709018662643635,0.00027193868098072027,0.00027295243947366387,0.00027394314199239637,0.0002749107887808,0.00027585538007741207,0.00027677691611540083,0.00027767539712254336,0.0002785508233212045,0.0002794031949283182,0.00028023251215536076,0.000281038775208337,0.00028182198428774725,0.0002825821395885841,0.0002833192413003056,0.0002840332896068191,0.00028472428468646075,0.000285392226711977,0.0002860371158505111,0.00028665895226358154,0.0002872577361070639,0.00028783346753117337,0.0002883861466804402,0.00028891577369370697,0.00028942234870421113,0.0002899058718398213,0.00029036634322375445,0.0002908037629763169,0.0002912181312186988,0.00029160944808037214,0.0002919777137113477,0.00029232292829717017,0.00029264509206064395,0.00029294420519343576,0.0002932202675550879,0.0002934732777333409,0.0002937032305527786,0.00029391011118658656,0.00029409388261929904,0.00029425446198609893,0.00029439168354671903,0.0002945052629980999,0.0002945948420840845,0.00029466038278963796,0.00029470362343968,0.00029473194250650135,0.00029474610203991203
0.0,1.7578339872874805e-06,6.154572953488842e-06,1.0671054680438249e-05,1.5147844490691053e-05,1.957305279697481e-05,2.395554811323991e-05,2.830260634769509e-05,3.261820534076536e-05,3.6904238273921214e-05,4.1161533054459196e-05,4.539042443674274e-05,4.959103537656435e-05,5.376340490940204e-05,5.790754223621044e-05,6.202344772631576e-05,6.611112013762103e-05,7.017055860384647e-05,7.420176289312728e-05,7.820473323440302e-05,8.217947011966343e-05,8.612597417127587e-05,9.004424606908178e-05,9.393428651509104e-05,9.779609621808837e-05,0.0001016296758876053,0.00010543502623185571,0.00010921214795716243,0.00011296104176785719,0.00011668170836628691,0.00012037414845281388,0.00012403836272579082,0.00012767435188151702,0.00013128211661418072,0.00013486165761579722,0.000138412975576144,0.00014193607118269432,0.00014543094512055083,0.0001488975980723799,0.00015233603071834585,0.000155746243736045,0.00015912823780043936,0.00016248201358379295,0.00016580757175560572,0.00016910491298255045,0.0001723740379284067,0.00017561494725399816,0.00017882764161712746,0.00018201212167251305,0.00018516838807172757,0.0001882964414631334,0.0001913962824918211,0.00019446791179954513,0.00019751133002466324,0.00020052653780207604,0.00020351353576316498,0.00020647232453572948,0.0002094029047439283,0.00021230527700821875,0.00021517944194529725,0.0002180254001680398,0.00022084315228544253,0.0002236326989025618,0.00022639404062045756,0.0002291271780361351,0.00023183211174248748,0.0002345088423282378,0.00023715737037788092,0.000239777696471629,0.00024236982118535608,0.0002449337450905416,0.00024746946875421535,0.00024997699273889956,0.00025245631760255967,0.0002549074438985485,0.00025733037217555324,0.00025972510297754076,0.00026209163684370564,0.0002644299743084209,0.00026674011590118303,0.0002690220621465631,0.00027127581356415525,0.0002735013706685244,0.00027569873396915927,0.0002778679039704237,0.00028000888117150706,0.00028212166606637694,0.00028420625914372694,0.00028626266088693314,0.00028829087177401,0.0002902908922775638,0.0002922627228647405,0.0002942063639971852,0.000296121816130998,0.00029800907971668856,0.00029986815519913605,0.00030169904301754135,0.00030350174360538714,0.0003052762573903935,0.0003070225847944816,0.00030874072623373293,0.00031043068211833913,0.0003120924528525726,0.00031372603883474647,0.00031533144045717396,0.0003169086581061327,0.0003184576921618197,0.0003199785429983248,0.0003214712109835907,0.00032293569647937526,0.0003243719998412191,0.00032578012141840773,0.00032716006155394397,0.0003285118205845104,0.0003298353988404396,0.00033113079664567793,0.0003323980143177571,0.00033363705216776535,0.00033484791050031624,0.00033603058961351564,0.0003371850897989388,0.0003383114113415959,0.0003394095545199101,0.00034047951960568685,0.0003415213068640932,0.00034253491655362577,0.00034352034892608837,0.00034447760422656715,0.00034540668269340824,0.0003463075845581917,0.00034718031004571436,0.00034802485937396587,0.00034884123275410366,0.00034962943039043576,0.00035038945248040026,0.00035112129921454455,0.0003518249707765027,0.0003525004673429718,0.0003531477890837019,0.00035376693616150166,0.0003543579087323229,0.0003549207069455177,0.00035545533094453476,0.0003559617808685137,0.0003564400568555698,0.0003568901590486718,0.0003573120876041548,0.0003577058426981787,0.000358071424511206,0.0003584088331284845,0.00035871806819158595,0.000358999127906386,0.0003592520065466717,0.00035947668875769954,0.00035967313780111657,0.00035984127451281814,0.0003599809499727656,0.0003600919513450094,0.000360174231947622,0.00036022908304876854,0.0003602633167468172,0.00036028043359584156
0.0,2.258024048694465e-06,7.540599265766595e-06,1.279933403997761e-05,1.8018661449731826e-05,2.3206815756357403e-05,2.836566678499881e-05,3.3494116135632444e-05,3.859082053620223e-05,4.365490297505e-05,4.868591148627715e-05,5.368364690126675e-05,5.864803357399325e-05,6.35790481382924e-05,6.8476686330392e-05,7.334094951288727e-05,7.817183998391377e-05,8.296935971255068e-05,8.773351020478694e-05,9.246429264096006e-05,9.716170801797885e-05,0.0001018257572419428,0.00010645644117805279,0.00011105376067434633,0.00011561771657181184,0.00012014830970819683,0.00012464554091919078,0.0001291094110386409,0.0001335399208984719,0.00013793707132854746,0.00014230086315654124,0.00014663129720782664,0.00015092837430538176,0.00015519209526970232,0.00015942246091872004,0.0001636194720677221,0.00016778312952927271,0.0001719134341131339,0.00017601038662618795,0.00018007398787235935,0.00018410423865253763,0.00018810113976449876,0.00019206469200282961,0.00019599489615885045,0.00019989175302053888,0.0002037552633724538,0.00020758542799565992,0.00021138224766765164,0.00021514572316227838,0.00021887585524966996,0.00022257264469616287,0.0002262360922642253,0.00022986619871238377,0.00023346296479515022,0.00023702639126294906,0.00024055647886204562,0.00024405322833447144,0.0002475166404179549,0.00025094671584585047,0.00025434345534706623,0.00025770685964599443,0.0002610369294624419,0.0002643336655115598,0.0002675970685037754,0.000270827139144722,0.00027402387813517376,0.0002771872861709751,0.0002803173639429743,0.0002834141121369579,0.00028647753143358365,0.0002895076225083145,0.00029250438603135425,0.0002954678226675815,0.00029839793307648744,0.0003012947179121103,0.0003041581778229742,0.0003069883134520245,0.00030978512543656644,0.0003125486144082048,0.0003152787809927825,0.00031797562581031873,0.00032063914947495114,0.00032326935259487354,0.0003258662357722805,0.000328429799603308,0.00033096004467797577,0.00033345697158012976,0.0003359205808873872,0.00033835087317107864,0.0003407478489961955,0.00034311150892133596,0.0003454418534986466,0.00034773888327377335,0.00035000259878580683,0.0003522330005672306,0.0003544300891438706,0.000356593865034844,0.00035872432875250795,0.00036082148080240954,0.00036288532168324164,0.0003649158518867924,0.0003669130718978929,0.00036887698219437615,0.00037080758324703006,0.0003727048755195513,0.00037456885946850275,0.00037639953554326205,0.0003781969041859871,0.00037996096583157004,0.0003816917209075924,0.000383389169834287,0.00038505331302449624,0.0003866841508836336,0.0003882816838096437,0.0003898459121929631,0.0003913768364164848,0.00039287445685551786,0.00039433877387775305,0.0003957697878432306,0.00039716749910429904,0.0003985319080055879,0.0003998630148839663,0.0004011608200685198,0.00040242532388051245,0.0004036565266333551,0.0004048544286325822,0.00040601903017581397,0.00040715033155273265,0.00040824833304505307,0.00040931303492649346,0.00041034443746275123,0.0004113425409114799,0.00041230734552226303,0.0004132388515365851,0.00041413705918781754,0.00041500196870119057,0.0004158335802937736,0.0004166318941744608,0.0004173969105439489,0.0004181286295947029,0.0004188270515108772,0.00041949217646811555,0.0004201240046330615,0.00042072253616225186,0.0004212877711998437,0.0004218197098734581,0.00042231835228796023,0.00042278369851992184,0.00042321574862534727,0.0004236145027003441,0.00042397996109946515,0.0004243121250549646,0.00042461099819696824,0.0004248765898602955,0.00042510892141573,0.0004253080365815157,0.0004254740148166715,0.0004256069864689932,0.00042570718589874507,0.00042577539012668273,0.00042581602918054256,0.0004258363487074725
0.0,3.3036419613185675e-06,9.110367867486258e-06,1.4984187079211939e-05,2.09114567620382e-05,2.685638165674987e-05,3.2792326778264205e-05,3.870373228925623e-05,4.458263959989449e-05,5.042536870072065e-05,5.623037328294512e-05,6.199707187332779e-05,6.772527868726587e-05,7.341495201621239e-05,7.906609370787485e-05,8.467871391269363e-05,9.025282117701934e-05,9.57884210508091e-05,0.00010128551687232217,0.00010674411070586947,0.00011216420397785282,0.00011754579782785989,0.00012288889327901131,0.00012819349131218175,0.000133459592894882,0.00013868719899090914,0.0001438763105627418,0.00014902692857161862,0.00015413905397709747,0.00015921268773663673,0.0001642478308052961,0.0001692444841355341,0.00017420264867706444,0.00017912232537674243,0.00018400351517846566,0.00018884621902307973,0.00019365043784828708,0.00019841617258855695,0.000203143424175035,0.00020783219353545272,0.00021248248159403958,0.00021709428927143214,0.00022166761748458667,0.00022620246714669058,0.00023069883916707228,0.00023515673445111577,0.00023957615390017236,0.00024395709841147398,0.0002482995688780463,0.0002526035661886218,0.00025686909122755525,0.00026109614487473736,0.0002652847280055114,0.0002694348414905877,0.0002735464861959585,0.00027761966298281573,0.00028165437270746726,0.00028565061622125456,0.00028960839437047254,0.0002935277079962821,0.0002974085579346358,0.00030125094501619223,0.0003050548700662397,0.0003088203339046134,0.00031254733734561806,0.0003162358811979486,0.00031988596626461097,0.00032349759334284833,0.0003270707632240614,0.000330605476693732,0.0003341017345313458,0.0003375595375103195,0.00034097888639792714,0.00034435978195522456,0.0003477022249369741,0.00035100621609157455,0.0003542717561609858,0.00035749884588066227,0.0003606874859794792,0.0003638376771796604,0.00036694942019671037,0.00037002271573934476,0.00037305756450942357,0.00037605396720188293,0.00037901192450466516,0.000381931437098654,0.0003848125056576087,0.00038765513084810263,0.00039045931332945717,0.00039322505375367206,0.0003959523527653705,0.00039864121100173153,0.0004012916290924328,0.0004039036076595891,0.00040647714731768895,0.00040901224867353456,0.00041150891232618985,0.00041396713886691715,0.00041638692887912106,0.0004187682829382942,0.0004211112016119596,0.00042341568545961735,0.00042568173503268805,0.0004279093508744626,0.00043009853352004803,0.0004322492834963193,0.00043436160132186196,0.0004364354875069267,0.0004384709425533793,0.00044046796695465176,0.0004424265611956942,0.0004443467257529302,0.0004462284610942071,0.00044807176767875187,0.00044987664595713217,0.0004516430963712102,0.00045337111935409073,0.0004550607153300902,0.00045671188471469706,0.0004583246279145247,0.0004598989453272735,0.0004614348373416933,0.0004629323043375501,0.0004643913466855865,0.000465811964747478,0.00046719415887581126,0.000468537929414041,0.0004698432766964616,0.0004711102010481756,0.00047233870278505237,0.00047352878221370936,0.0004746804396314753,0.0004757936753263729,0.0004768684895770843,0.00047790488265291817,0.0004789028548138031,0.00047986240631025574,0.0004807835373833893,0.00048166624826489904,0.0004825105391770138,0.0004833164103323713,0.00048408386193351984,0.00048481289417154767,0.00048550350722264223,0.00048615570124027266,0.00048676947633931675,0.0004873448325677318,0.00048788176986608084,0.0004883802880380354,0.0004888403868292322,0.000489262066413443,0.0004896453290700982,0.0004899901838919608,0.0004902966584204897,0.0004905648245817005,0.0004907948507435799,0.0004909870930207088,0.0004911422212162363,0.0004912612901124414,0.0004913454074749074,0.000491394369453116,0.0004914188504422203
1.1851633090945533e-06,3.826450917630618e-06,9.89525216834609e-06,1.6076613598829105e-05,2.2357854418191387e-05,2.8681164606946104e-05,3.50056567748969e-05,4.130854036606812e-05,4.757854913174062e-05,5.381060156355597e-05,6.0002604181279096e-05,6.615378435935831e-05,7.226390124390219e-05,7.833290395517237e-05,8.436079739661628e-05,9.034759611259679e-05,9.629331177357211e-05,0.00010219795171993832,0.00010806152020608977,0.00011388401973832417,0.0001196654519577898,0.00012540581812081842,0.00013110511932949056,0.00013676335663109944,0.00014238053105641708,0.0001479566436322653,0.00015349169538451734,0.0001589856873381075,0.00016443862051641024,0.00016985049594068135,0.00017522131462967356,0.00018055107759938784,0.00018583978586290576,0.00019108744043026246,0.00019629404230833843,0.00020145959250075855,0.00020658409200779423,0.0002116675418262685,0.00021670994294945852,0.00022171129636699944,0.00022667160306479055,0.00023159086402489883,0.00023646908022546516,0.00024130625264061063,0.000246102382240339,0.0002508574699904468,0.0002555715168524286,0.0002602445237833851,0.0002648764917359303,0.0002694674216580978,0.0002740173144932514,0.0002785261711799934,0.0002829939926520752,0.0002874207798383064,0.0002918065336624632,0.0002961512550432008,0.0003004549448939652,0.0003047176041229044,0.00030893923363278363,0.0003131198343208901,0.00031725940707895645,0.0003213579527930674,0.00032541547234357963,0.0003294319666050324,0.0003334074364460661,0.00033734188272933603,0.0003412353063114289,0.0003450877080427853,0.00034889908876761317,0.00035266944932380614,0.0003563987905428615,0.00036008711324980204,0.0003637344182631,0.0003673407063945931,0.00037090597844940596,0.0003744302352258747,0.0003779134775154664,0.00038135570610271015,0.00038475692176511637,0.00038811712527309935,0.00039143631738990613,0.00039471449887154157,0.00039795167046669856,0.0004011478329166841,0.0004043029869553438,0.0004074171333089931,0.00041049027269634826,0.0004135224058284604,0.00041651353340864644,0.00041946365613241025,0.00042237277468738777,0.00042524088975327395,0.00042806800200176245,0.00043085411209648026,0.0004335992206929181,0.00043630332843836654,0.0004389664359718627,0.0004415885439241217,0.0004441696529174768,0.00044670976356582043,0.0004492088764745432,0.0004516669922404796,0.00045408411145184395,0.00045646023468817894,0.00045879536252029635,0.0004610894955102276,0.00046334263421116194,0.0004655547791673965,0.0004677259309142839,0.0004698560899781815,0.00047194525687639774,0.0004739934321171472,0.0004760006161994939,0.0004779668096133059,0.00047989201283921677,0.00048177622634857286,0.0004836194506033771,0.00048542168605625877,0.00048718293315043026,0.0004889031923196376,0.0004905824639881163,0.0004922207485705568,0.0004938180464720653,0.0004953743580881236,0.0004968896838045394,0.0004983640239974258,0.0004997973790331545,0.0005011897492683262,0.0005025411350497369,0.0005038515367143318,0.0005051209545891885,0.000506349388991473,0.0005075368402284279,0.0005086833085973339,0.0005097887943854685,0.0005108532978701094,0.0005118768193184968,0.0005128593589878535,0.0005138009171253741,0.0005147014939681693,0.0005155610897431183,0.0005163797046662219,0.0005171573389407908,0.0005178939927528374,0.0005185896662604872,0.0005192443595722461,0.0005198580727076176,0.0005204308055391602,0.0005209625577443796,0.0005214533288936762,0.0005219031190704319,0.000522311931077665,0.0005226797767394572,0.0005230066927005867,0.0005232927761646859,0.000523538257824612,0.0005237436321227274,0.0005239098385898578,0.0005240383422192897,0.0005241304161490197,0.0005241835395894027,0.0005242038591163326
